Relation,AUROC,AUPRC,AP@50
C0005779,0.9690358124129625,0.9585844944721075,0.9791918367346938
C0011991,0.9575171516597883,0.9402091022216793,0.9063963540457871
C0011860,0.9705432273907298,0.9593120237848926,1.0
C0038395,0.9622127794555945,0.9514046885026788,0.9723800930423198
C1145670,0.9551170028022956,0.9381156957380877,0.9443730360905538
C0012833,0.9571532554883275,0.9441523416994009,1.0
C0520474,0.9620359876634959,0.9443632838967444,0.893189647211841
C0021400,0.9720523415977963,0.9657703254266531,1.0
C0024902,0.9838401236053242,0.9817095969727251,1.0
C0043144,0.9665529918420224,0.953480808070271,0.9705607971421415
C0085682,0.9658879496560077,0.9621539225773899,1.0
C0020676,0.9726301103507488,0.9639652086167503,1.0
C0151825,0.9683772675736962,0.961126972063667,1.0
C0013604,0.9527858238401585,0.9292664177260935,0.9418730360905537
C0042571,0.9646344174275846,0.9518673286032987,0.9678450282984528
C0009782,0.9606413994169096,0.949118444321682,0.9415791897776454
C0008325,0.9654289964061677,0.9511367244305547,0.939058006973659
C0013144,0.9596542632933902,0.9446018743763805,1.0
C0013362,0.9659946066852877,0.9595617555451033,1.0
C0031046,0.9647096078063426,0.9493847387184109,0.9316825599000776
C0043246,0.9766584380751377,0.9738006806421895,1.0
C0151908,0.9603852366746592,0.9465346188883462,0.9685593140127385
C0231807,0.9699611480832305,0.9552397421832556,0.973507077169304
C0026946,0.9668443907918784,0.9564415471568755,1.0
C0162297,0.9573140378813506,0.9427080316317128,0.918899975933123
C0235946,0.9602685527214159,0.9422497955573831,0.939015893233411
C0030554,0.9587190793563591,0.9434672831068077,1.0
C0040034,0.9484170069364178,0.9277767541964935,0.9274450581189211
C0032285,0.9625308863621475,0.9524600954674107,1.0
C0151723,0.9706813903191528,0.9635781463517831,1.0
C0036983,0.9624304353707859,0.9500689074003847,1.0
C0025286,0.9806884587289992,0.9799876172067918,1.0
C0027121,0.9684990324643507,0.9598284398531455,0.973507077169304
C0027022,0.9726331360946746,0.9682260515340402,0.9359076818876128
C0013384,0.9557880201192441,0.9336600711214826,0.915362589059997
C0016436,0.966245321658075,0.9576754614477294,0.9576304730979908
C0004610,0.9698317007937669,0.9579897028114195,0.9504134401309579
C0003873,0.9705197156672364,0.9623412598414567,0.973507077169304
C0575090,0.9607649470868493,0.9500427774135997,1.0
C0442874,0.9608866966509452,0.9481364293654915,1.0
C0678222,0.9703439619719063,0.9639314251168747,1.0
C0700594,0.9723858320338605,0.9654339217484483,1.0
C0011849,0.9668031327874689,0.9531420148560152,0.9647017234551478
C0024141,0.9691611322946391,0.9618158389628929,0.9705607971421415
C0042029,0.9630965038624375,0.949492387435851,0.946595258312776
C0027497,0.9557880158433852,0.9409437195100411,0.976550749366378
C0262385,0.9612630061708932,0.9574103229892795,0.973507077169304
C0002622,0.9622036114883558,0.9518324279452182,1.0
C0917801,0.9583586263235617,0.9436386069388984,0.9418730360905537
C0020615,0.9537730036612312,0.9364653116949436,1.0
C0011168,0.9691701586065916,0.9602844434422562,1.0
C0008033,0.9602227529206256,0.9457753260676913,0.9483542215164391
C0011615,0.9474080522907503,0.9246986447284755,1.0
C0042487,0.9593703899046508,0.9404789126969866,0.9113323747674116
C0017152,0.9670447321757168,0.9591318877333893,1.0
C0009806,0.9657498675963204,0.9568291322525153,1.0
C0036689,0.9931530104119511,0.9927030476551228,1.0
C0026650,0.9657032586290075,0.9570924658555495,1.0
C0042909,0.9765684051398338,0.9737043462984522,0.9692489691851524
C0038362,0.9651098093558411,0.9498763930055865,0.9550471397646575
C0029408,0.9651158673842072,0.9507765653185343,0.9550471397646575
C0037315,0.9685446048302018,0.9595554506872277,1.0
C0033687,0.9569224001723642,0.9383605845257924,0.9663350567884812
C0012569,0.9612744418988758,0.9433995366093403,0.9266825599000776
C0035309,0.9617260612849776,0.949405692015261,0.9485952583127761
C0016977,0.9607263980144327,0.94102629958182,0.8716062468733063
C0013473,0.9740024009099291,0.970794386602272,1.0
C0004144,0.9654507776715363,0.9506724285667415,0.9685593140127385
C0018681,0.959106208628615,0.9460485941530145,1.0
C0008350,0.9671052901959464,0.9567684001359114,0.9692489691851524
C0027051,0.9601948383999666,0.9465143944131931,0.9443730360905538
C0030794,0.9712543252595156,0.9613620073830882,0.9770158656454478
C0004238,0.9585525697835182,0.9434942207997343,1.0
C0005697,0.9708766540642721,0.966016869757456,1.0
C0011606,0.9590157631680123,0.9470343835833553,0.9536185683360862
C0020517,0.9480484301969044,0.9288829387974477,0.9356825599000778
C0011175,0.9577160713796222,0.9375663206692592,0.9393033851249194
C0030193,0.9635633129672101,0.9525575192370384,1.0
C0152031,0.965302683879554,0.9550696074468813,0.98
C0004604,0.9680426903092082,0.9594064744218245,0.9750867540121387
C0030196,0.9586410425601071,0.9393838158653276,0.9017522881873251
C0039239,0.9663394711661882,0.9537691873489256,0.9542874559950598
C0018808,0.9682998240366432,0.9575169959488051,1.0
C0018524,0.9592320019598036,0.9444955770957901,1.0
C0039070,0.9514961575573874,0.9357695608566573,1.0
C0019079,0.963096643616124,0.9516526620412411,0.976550749366378
C0031039,0.9645666533486232,0.9544346008800436,1.0
C0035854,0.9831809969178447,0.9823412362763738,1.0
C0011882,0.9719330013580806,0.9622207272098481,1.0
C0000731,0.9662723529231085,0.9550832008909109,0.9655350567884813
C0009676,0.9569292816651738,0.9355578595265348,1.0
C0005758,0.9537582060345916,0.9334593215956489,0.9588069436862261
C0043117,0.9599803928433879,0.9526676593146135,0.9755867540121388
C0344232,0.9624268954629448,0.9482988281797529,0.976550749366378
C0018944,0.9631011540563168,0.9541185542883104,1.0
C0019360,0.9667313400874291,0.9493376938579605,0.910015893233411
C0221245,0.9770273483947681,0.9718814987520457,0.9717918577482021
C0025345,0.9712274257728803,0.9670419268935386,0.9750867540121387
C0003850,0.9705985319352858,0.963798998186151,1.0
C0011848,0.9741805411030178,0.9684342649867328,0.9705607971421415
C0004096,0.9676172856884313,0.9531601720230989,0.9609706863762847
C0000833,0.9644955654703161,0.9569188806494602,1.0
C0030446,0.9655454996262111,0.9534373976989048,0.9729515216137484
C0036974,0.9589531239033796,0.9442804893877091,1.0
C0026764,0.9708635458015072,0.9641036182014976,1.0
C0003123,0.9538731375887863,0.9340431633894561,0.9638321582377566
C0034212,0.9677915712078428,0.9602718502031732,1.0
C0037199,0.9729110701493675,0.9651360421238891,1.0
C0575081,0.963144170838225,0.9506559633729464,1.0
C0162283,0.9681537221177103,0.9597279449402266,0.9629230673286656
C0152025,0.9721067002730519,0.9639672518134969,0.976550749366378
C0020456,0.9572994178430592,0.9349928622792143,0.9022134617507898
C0033860,0.973804665897071,0.9678857227437581,1.0
C0162429,0.9625365623613997,0.9443746229319333,0.8879220152463829
C0002871,0.9574531955131733,0.9404009637049686,0.9506099814780815
C0006277,0.9716058933629754,0.9665911891932942,1.0
C0263912,0.981737019343723,0.9728248893834105,0.9711857971421415
C0042510,0.9515609544896142,0.9355307714776799,0.9521918577482021
C0010200,0.9591114606489098,0.9457462144825672,1.0
C0009421,0.9588052474814255,0.946652131153761,1.0
C0243026,0.9560710871441022,0.9389675790740692,0.9511362972675552
C0027651,0.9675143494897959,0.9639993996757175,1.0
C0019158,0.9485064772442683,0.9301475004161666,0.9783496381531335
C0035455,0.9756152460984394,0.9693683366120697,1.0
C0242422,0.9550001792821542,0.9291830961874795,0.8916659741745404
C0022104,0.9745144118641956,0.971198940749941,1.0
C0151766,0.9547267102669295,0.9325430221338832,0.9119842215698494
C0015469,0.9689275559052041,0.9547336595489614,0.947853191563759
C0027343,0.9725105728565937,0.967144650048863,0.9535152404346102
C1260880,0.9699660349114702,0.9625321655081509,0.9655350567884813
C0020542,0.9655638790375672,0.9556895680273154,0.9717918577482021
C0042024,0.9666576228627365,0.9499296470145174,0.9329428368662278
C0011616,0.9789493337067376,0.9763367679312769,1.0
C0040822,0.9543591213467196,0.9410317639624097,1.0
C0267596,0.9652199076797116,0.9576683343984788,1.0
C0013404,0.9534707917159233,0.9365881263146809,0.9663350567884812
C0039240,0.9699153403706472,0.961289322036853,1.0
C0005745,0.9663002637167728,0.9577689025445627,0.9779148555444378
C0149931,0.9721793590253718,0.9638984537066753,1.0
C0242184,0.9623032189744336,0.951532532696574,1.0
C0085593,0.9595821487603307,0.9409930188346685,0.9085558179908548
C0024437,0.9818261560812478,0.9785668200286772,1.0
C0178415,0.9653788925496865,0.9557485283004429,0.9629230673286656
C0009376,0.9670710728836578,0.947783427186192,0.9063963540457871
C0017601,0.9715002003180809,0.9649289160945227,1.0
C0080274,0.9702224442795836,0.9622328307402286,0.9550471397646575
C0013428,0.972290542812638,0.9668626613269063,1.0
C0027769,0.9682884932197527,0.9589011188221681,1.0
C0017181,0.9591600104923023,0.9467422824876099,1.0
C0029927,0.978356290174472,0.966952362178895,0.9638321582377566
C0029443,0.9700324489406376,0.9605682092581653,1.0
C0221776,0.9689813832111775,0.9568785307606199,0.9436666513259491
C0010692,0.9617650370825795,0.9484359263830389,1.0
C0423798,0.9719082556679225,0.9570476421245727,0.9426219467375988
C0009938,0.9678916155092789,0.9595290392395083,1.0
C0013295,0.961620644312952,0.9538963067822481,1.0
C0151786,0.9526692531805903,0.9362684607464133,0.969915635851819
C0013182,0.9613193074731538,0.9519383088390287,1.0
C0039503,0.9752551984877127,0.9686281980235222,0.973507077169304
C0043096,0.9601981623167012,0.9471408720506959,0.9609706863762847
C0037299,0.9652590055384832,0.9557673797851245,1.0
C0024103,0.9807328498716273,0.973256978008304,1.0
C0031350,0.9777454823035481,0.9712123720744382,0.98
C0016053,0.9812197762780317,0.9771350533983809,1.0
C0039231,0.9578118131587805,0.9442204090444496,0.9685593140127385
C0007787,0.9660801480250869,0.9534487377567924,1.0
C0018418,0.9540911741639688,0.9402328733204878,0.9485952583127761
C0020649,0.9584890515089283,0.9454481090469564,1.0
C0035222,0.9640509717189046,0.9515351020639463,1.0
C0033036,0.9643236784320419,0.9553432005087282,0.9729515216137484
C0398353,0.9623479758726368,0.954641740131944,1.0
C0023646,0.9748476454293629,0.9726219992863655,0.9740476177098445
C0018802,0.9598440891269341,0.9446336687491603,0.9442321582377566
C0149521,0.964257915340766,0.9499486751281502,0.9619706863762846
C0024299,0.9703242023186621,0.9658907700349436,1.0
C1442903,0.9693902558572689,0.9539509239981553,0.938310245990177
C0085615,0.9683699083898348,0.9630185126816924,1.0
C0011609,0.9659055163144499,0.9460613012548348,0.8755831782491525
C0019348,0.9540285416976365,0.9383379900197727,0.9723800930423198
C0027404,0.9637461869887635,0.9517595465724886,1.0
C0036454,0.9803917182134428,0.9784671933003859,1.0
C0020557,0.9756738987508219,0.9718364335984393,1.0
C0700200,0.9697586435090962,0.9685683822869642,1.0
C0042963,0.9495641371911482,0.9274411055322124,0.9415276423491767
C0025297,0.9782005548949664,0.9786149348842843,1.0
C0025290,0.9660741822903985,0.9659271641310685,1.0
C0008031,0.9607254112570964,0.9432507878788089,0.9381458539306236
C1253936,0.9721778680989017,0.968734139099561,1.0
C0016382,0.959657418571802,0.9416005208059411,0.969915635851819
C0037763,0.9681925040243826,0.9594211011130246,0.9520801067976246
C0032227,0.9604320577010608,0.9470922552311594,1.0
C0039103,0.9622518903591682,0.9555947353324364,0.9685593140127385
C0022346,0.9562912859459674,0.9397689540554044,0.9471124508230183
C0023798,0.9682051615829078,0.9569420310516629,1.0
C0038454,0.9568720248551608,0.9374456457839456,1.0
C0012813,0.9681792889235854,0.9597256616969696,1.0
C0152030,0.9879736629938188,0.9874521163106335,1.0
C0023890,0.9643072563789644,0.9514432989147424,0.9774704110999933
C0020538,0.9604520315540261,0.9502921415453672,1.0
C0035078,0.9541093474426808,0.9340364342983147,0.8932779605484303
C0004093,0.9592800236591236,0.9438910735526767,1.0
C0022116,0.9607828014047646,0.948208102256499,1.0
C0220982,0.9596675368959454,0.9551803558476055,1.0
C0042134,0.944545043005885,0.9274568656411977,0.8834818748072961
C0015967,0.9512420321306873,0.9283148501319229,0.9242008708545727
C0231528,0.9554584276765667,0.9440588559167735,1.0
C0013456,0.9733312099163574,0.9655939218613703,1.0
C0000737,0.9646914917730194,0.952484968208429,1.0
C0028081,0.9699633769322235,0.9632444481344153,1.0
C0032302,0.9709190672153636,0.9693882029210342,1.0
C0038663,0.9633486047480216,0.9561371169065527,1.0
C0019209,0.9616900987861572,0.9493885368971794,0.9740476177098445
C0043094,0.9674142528823478,0.959652866394558,1.0
C0022660,0.954110225712091,0.9386221704651541,1.0
C0021311,0.9593673220794832,0.9421623188853523,0.9328863831337755
C0036572,0.9517741538747205,0.9348254363826738,0.976550749366378
C0149514,0.9758127347366581,0.9708006318793968,1.0
C0018824,0.9673774556223206,0.9498390720919871,0.8789141818492188
C0428977,0.9613493877965756,0.9492271192600691,1.0
C0027339,0.9768846314035817,0.9712621863320918,0.98
C0026848,0.9609755773869363,0.9525713538848292,1.0
C0002170,0.963275757507693,0.9535608550280865,1.0
C0009241,0.9613321325084189,0.9426425754610889,0.8965782570016481
C0014549,0.9599427657604579,0.9479786458002641,1.0
C0151904,0.947070428688281,0.9254700304643556,0.9609706863762847
C0085649,0.9633040443163114,0.9512117160614946,1.0
C0020540,0.9779952422145328,0.9721192480106149,0.9740476177098445
C0027962,0.9826375381339449,0.9817427083924469,1.0
C0004245,0.9773326056682601,0.9758487377404109,1.0
C0020437,0.967805477767912,0.955321490297287,0.9588069436862261
C0006112,0.9615338842975206,0.9488416723919703,0.9588069436862261
C0010709,0.9698834397668794,0.9606554651788614,0.9717918577482021
C0151966,0.9653120000000001,0.9580229217789751,0.969915635851819
C0020625,0.9567606172421307,0.9399470327440059,0.9189992091701522
C0018800,0.9660809021867877,0.9564576020107061,1.0
C0851578,0.9641833379321647,0.9537484270020166,1.0
C0497156,0.9656792871989472,0.9529447289255288,0.9711857971421415
C0032231,0.9640187607138817,0.9474431571683092,0.909745192624938
C0018799,0.9647321962575259,0.9548655957415683,1.0
C0019112,0.968621535745509,0.9611967344600125,1.0
C0024115,0.9626973425626691,0.950765117537035,1.0
C0015672,0.961717115149225,0.9496348893622905,1.0
C0031256,0.9609319680559576,0.9496777749566321,0.9770158656454478
C0027947,0.9550679505139034,0.9401301478332792,1.0
C0262431,0.9628426275992439,0.9464960409500967,0.9342085751154248
C0151827,0.9605887939221273,0.9430212116450154,0.9370429119152789
C0008035,0.9678735258170504,0.9581651098698666,0.9750867540121387
C0231218,0.9498400262713457,0.9252173521804965,0.9122717277416595
C0026858,0.9635807465816041,0.9466571382147028,1.0
C0033774,0.9524001590987536,0.928234046298959,0.9356825599000778
C0158252,0.9818023856485396,0.9788884344227265,1.0
C0023067,0.979938102677905,0.9789586082584356,1.0
C0010054,0.965278621123958,0.9509086245687566,0.9260762402372943
C0007642,0.9681939256539662,0.9580840213992652,1.0
C0259768,0.9736,0.968925240725737,1.0
C0037998,0.9672189349112427,0.9568134118377729,0.9434406616391173
C0006118,0.967050765884585,0.951252926745402,0.9127987505825117
C0019080,0.9521377467567331,0.929819813011989,0.8991321033665115
C0017672,0.9649895513287277,0.9540450385729526,0.98
C0036421,0.9468132581443466,0.9451135626568158,1.0
C0004239,0.9576095958404862,0.9487521630833567,1.0
C0042594,0.9786045673618305,0.9795124376209237,1.0
C0018939,0.9615445763076433,0.9498785139857013,1.0
C0020458,0.9579563270620749,0.9417507540491911,0.9770158656454478
C0020621,0.9550582700446976,0.9346598442335159,1.0
C0001339,0.9623704988969286,0.9523720362002109,1.0
C0000786,0.9569839196432594,0.9529341740967603,0.98
C0020443,0.9640598770015496,0.951956742619949,0.9717918577482021
C0221264,0.9594600367380067,0.9502359017183855,0.969915635851819
C0080179,0.9670574871191528,0.9522973327781175,0.9729515216137484
C0031117,0.96582551910999,0.9542931418137838,0.9099443247630942
C0435630,0.9710462697475684,0.9644406270092687,1.0
C0018932,0.9644625237517457,0.9525811252339055,1.0
C0522224,0.9551992835865448,0.9367030391348276,0.9178048408458775
C0003467,0.9645211919595914,0.9526262771964668,1.0
C0008301,0.9661374154503382,0.9556719649741812,0.9485952583127761
C0038999,0.9649270925388208,0.9518078195455548,0.9485952583127761
C0027719,0.9521043895308016,0.9340624740368677,1.0
C0006325,0.9724213409176549,0.9664370219178189,1.0
C0014742,0.9521041587926338,0.9424442224543692,1.0
C0006840,0.9620443887480893,0.9486404608830711,0.9485952583127761
C0006386,0.9732302761806014,0.9708161353066467,0.9779148555444378
C0019291,0.9671364667671147,0.9593116654495928,0.9647017234551478
C0003537,0.9698739133839768,0.9652505836444424,1.0
C0242429,0.9622869516410513,0.9456876841868347,0.9139276128626497
C0311394,0.9635261977014462,0.9533094853314548,1.0
C0014457,0.9473366530858608,0.9160037474024498,0.8330421746355452
C0030305,0.9561864791779339,0.9418973865953539,0.9692489691851524
C0034065,0.9540823067237199,0.9345240888559809,0.8965184504926982
C0878544,0.9690498317577312,0.9608923304787143,1.0
C0009763,0.958207550985859,0.9442173632754993,0.9705607971421415
C0008767,0.9751335652049195,0.9615586984512869,0.8863585946312381
C0017565,0.9683034426471726,0.9508181520290186,0.9266825599000776
C1269683,0.9771848989298455,0.9731124264565257,1.0
C0028084,0.96734404536862,0.9621685084800922,1.0
C1510472,0.979530058120661,0.9737678271943215,0.9779148555444378
C0242379,0.9599634165645574,0.9425602161812967,0.9705607971421415
C1384666,0.9637070228715836,0.9531834250627534,0.9760745588901876
C0040213,0.9663828186450532,0.9568553304585691,0.9723800930423198
C0277925,0.9555274706684314,0.937910943158084,0.9588069436862261
C0006625,0.9706001846722068,0.9602004944095752,0.9509607971421415
C0024110,0.9662422839506173,0.9622834190787543,0.9429452775872456
C0028738,0.9631762782401903,0.9542592120387967,0.9783496381531335
C0002874,0.9497292839470759,0.9253485535302746,0.9037094997426469
C0014724,0.9717047728990358,0.9633391566471557,1.0
C0016059,0.971763085399449,0.9585287545023634,0.9685593140127385
C0159877,0.9778138334110223,0.9745591816289095,1.0
C0006266,0.9712332703213611,0.965926449511661,1.0
C0022661,0.96242826002568,0.949617036341534,0.9783496381531335
C0595939,0.9398300913860024,0.9148330383952534,0.8673427241494279
C0020505,0.9734508703362545,0.9620626411699086,0.9507943005435022
C0003578,0.9601376770991755,0.9405179053099066,0.946595258312776
C0014591,0.9511846405228759,0.9301945619094524,0.9298442047032283
C0022893,0.9768749999999999,0.9718344230156806,0.98
C0014868,0.9676096628743767,0.9564280153978473,0.98
C0009917,0.9712789988884506,0.9633291526679477,0.9521491177803757
C0042109,0.9561548632178045,0.9416375911450603,0.9629230673286656
C0149801,0.9734211136592027,0.968619549222004,1.0
C0004134,0.9698502481096408,0.964982663483208,1.0
C0011334,0.9758721631518494,0.9716515450437452,1.0
C0456909,0.9512681829388562,0.9394641433183634,1.0
C0042769,0.9678779407802782,0.9632004748177749,1.0
C0036337,0.9790850836596654,0.964294623014363,0.9418730360905537
C0022658,0.9608934490808817,0.9459884407138724,0.9406272377428898
C0030552,0.9670899166906062,0.9599310051525873,0.9795999999999999
C0341047,0.9790625,0.9679042255960923,0.9563804730979908
C0750426,0.9542201189701741,0.933295832278697,0.925654072825016
C0235527,0.9662640566430654,0.9527273816827511,0.9647017234551478
C0040435,0.9729030973394484,0.9645874411810212,1.0
C0003507,0.9716050889756944,0.9573488449410416,0.9655350567884813
C0016204,0.9671733113967962,0.9535072592430386,0.9705607971421415
C0010043,0.9733789411064843,0.9728366326030425,0.9791918367346938
C0085648,0.9612070122687858,0.9426364609327058,0.9399500071712349
C0030252,0.9563593371598558,0.9370682297689823,0.9663350567884812
C0020672,0.956830371987451,0.9425139719182714,1.0
C0027796,0.9726751979657551,0.9660941357185282,1.0
C0011053,0.9707133477247474,0.9550864070734125,0.9370709356650774
C0221150,0.9672666666666667,0.9626863359291322,1.0
C0028734,0.9722186851211073,0.9620982116188507,0.9381458539306236
C0037011,0.9683453503192556,0.9622153722843909,1.0
C0032533,0.9670787422735823,0.9577936848880495,0.9467299511096705
C0149726,0.9653653379277939,0.9568616407851152,0.9729515216137484
C0041582,0.9643035998121242,0.9497896975450547,0.9022821344250377
C0206504,0.9918222222222222,0.9918431139752628,1.0
C0018674,0.9635649162676191,0.9539938668758975,1.0
C0497247,0.9565050257936363,0.9402006522115877,0.9750867540121387
C0149871,0.9593171047869162,0.9406746185376759,0.9337172271101302
C0025322,0.986159169550173,0.9848642360683593,1.0
C0041834,0.9609883217993079,0.9452014799224777,0.9504134401309579
C0000768,0.958273136738336,0.9509659588188951,1.0
C0020488,0.9644644619818353,0.9570850528439714,1.0
C0016663,0.9702911363596576,0.9590624880296535,0.9447098867204541
C0242362,0.9676625261383852,0.9597895236639407,1.0
C0221706,0.9766624969547048,0.9733112270122859,1.0
C0013491,0.9533154213288892,0.9360493927556865,0.9421827053796661
C0016167,0.963165375943535,0.9501801433280161,0.9464427257671801
C0018099,0.970728836577637,0.9644502098807656,1.0
C0041909,0.9652951558743565,0.949895153166105,0.9363886363632971
C0005001,0.9692842680206858,0.959168603787489,1.0
C0085619,0.9780981318712918,0.9681189230475118,0.9354471397646575
C0003504,0.9656664540816325,0.9549437833216804,1.0
C0086543,0.9650973011453694,0.9461616530990459,0.9291070466401937
C0017658,0.9748849134665811,0.964005528496871,0.9403299863651674
C0085631,0.9504498115453284,0.9324838097577911,1.0
C0014544,0.9598929845422117,0.9529142015870542,1.0
C0017675,0.9576758711374096,0.9414045298376276,0.9189611943409396
C0003811,0.9552575481419484,0.9382337731272643,0.8967296996647365
C0008320,0.9670567865663061,0.9547573408661901,0.9795999999999999
C0085610,0.9658136915597424,0.9552433822092998,1.0
C0005961,0.9658136613105865,0.9533853974245322,0.9443730360905538
C0035522,0.9673513705945176,0.9544598996122143,0.9347397730868735
C0085096,0.9712969856597166,0.9611357443026434,0.9588069436862261
C0020040,0.9737867198334866,0.9634498084627582,0.9368311750809118
C0017979,0.9612009512485136,0.9494159265739167,1.0
C0032300,0.970491942314781,0.9603758009236119,1.0
C0014863,0.9754438403463115,0.9711852630881692,1.0
C0019196,0.9700992808687803,0.9648956924190442,1.0
C0264545,0.968166089965398,0.9448486351164289,0.8965782570016481
C0085605,0.9546671969562122,0.940004372099995,1.0
C0018790,0.9477981164229288,0.9291332279778,0.907703940573017
C0015230,0.945510610500251,0.9216012046631559,0.9795999999999999
C0036439,0.969187145557656,0.9596306668839495,0.9638321582377566
C0013922,0.9680027135507943,0.9523166900711033,0.939015893233411
C0017168,0.9709416504012636,0.961811211558345,1.0
C0018989,0.9641331041538401,0.9557467836976481,1.0
C0006444,0.9837678043536684,0.9811216439674127,1.0
C0043352,0.9626209385725092,0.9436071564240116,0.9791918367346938
C0033975,0.9674816982117059,0.9615720838239707,1.0
C0020651,0.9653337672517566,0.9547920739565684,0.9711857971421415
C0020541,0.9780864197530865,0.9767419461655753,1.0
C0014118,0.9802678571428571,0.976115111890134,1.0
C0023467,0.9641247521182621,0.954657524453925,1.0
C0003962,0.9570178223322305,0.9432481689945593,0.9740476177098445
C0151699,0.9672073957788243,0.9603156961918795,1.0
C0010823,0.969167860826389,0.9644279643363632,1.0
C0032584,0.9706119412238825,0.9635161331217217,0.9723800930423198
C0007117,0.9738628608373943,0.969091807595261,1.0
C0027424,0.9686821444666542,0.9564059761877881,0.976550749366378
C0002792,0.9560155127836828,0.9374069227124596,0.9503050495968591
C0018817,0.9709642358056001,0.9635650137162494,0.9599180547973373
C0024117,0.9650929097476781,0.9454783884522843,0.882986579609697
C0034063,0.9577638595687761,0.9419814004485164,0.9723800930423198
C0158328,0.987038128103695,0.9868040956495538,1.0
C0040264,0.9603772038115812,0.9471658791662125,0.9685593140127385
C0001122,0.9525409892194762,0.9389444367371919,1.0
C0015695,0.9592978738958737,0.9454695099513748,0.969915635851819
C0220981,0.9549991499041444,0.9415618346836507,0.98
C0026769,0.9745573634067952,0.9637433276738138,0.9533515216137485
C0029442,0.9811216131064902,0.9797764660515466,1.0
C0266813,0.9772417522985397,0.9759720631534828,1.0
C0038814,0.9580554700591635,0.9411725050445603,0.9470141543386087
C0149745,0.9589602538091802,0.9499217523865989,1.0
C0027441,0.9606677161459206,0.9488348014323387,1.0
C0149925,0.9527871454076572,0.9432128876575802,0.9184037910532241
C0740394,0.9564139393317602,0.94361357812736,0.9536185683360862
C0005741,0.9890117782246481,0.9873025624623144,1.0
C0037284,0.95573921789806,0.9327095405865706,0.9058832618829987
C0006145,0.9813366009991517,0.9781545767178764,0.969915635851819
C0038436,0.9733700642791552,0.9690454224891529,1.0
C0151744,0.9615763063265804,0.9440389657023824,0.9143116604481208
C0029456,0.9641582163894294,0.9498947217812882,0.9536185683360862
C0007282,0.9746209076510349,0.9717734289078948,1.0
C0342579,0.9573714989227454,0.9464764764584384,1.0
C0006849,0.9684326530612245,0.96039912215121,1.0
C0022603,0.9948320413436692,0.994755562098587,1.0
C0002103,0.9857175192394749,0.981779566095589,1.0
C0026265,0.9687947142496423,0.9458880870691597,0.8762089377770836
C0003486,0.9693654945668468,0.9629349406751058,1.0
C0162529,0.9713905095137592,0.9605819316112807,0.9531155805706648
C0014553,0.9689020688831613,0.9641678815887058,1.0
C0917799,0.9702919636890176,0.9592422807207501,0.9705607971421415
C1527336,0.9926654064272212,0.9924465388214002,1.0
C0034887,0.9783631772268135,0.9714488616803532,0.9740476177098445
C0018946,0.9556361160070501,0.9415470364910269,0.9425315707300264
C0702166,0.9661142857142858,0.9567475571221574,1.0
C0086769,0.9758748811501297,0.9724346406324135,1.0
C0023895,0.9531957944852212,0.935679396139145,0.9266825599000776
C0235329,0.96712570862646,0.9584869035219955,0.9745739334993182
C0020295,0.9622920810726865,0.9525077844848645,0.9655350567884813
C0438215,0.959810055062459,0.9462807453757034,0.9779148555444378
C0003864,0.9734635416666666,0.9606500034663663,0.973507077169304
C0042485,0.9796954314720813,0.9777338401422216,1.0
C0015732,0.9683050681305755,0.9594968472756829,0.9760745588901876
C0035317,0.9695454545454545,0.9442410577054434,0.8767445942212769
C0027092,0.9725619834710744,0.9672297290376444,0.9356429553798989
C0870082,0.9712391797885127,0.9627087777296784,1.0
C0007876,0.924923855860132,0.8932346019040767,0.845834379045108
C0021141,0.9628525064690145,0.9525588263150726,0.976550749366378
C0151480,0.9682363576594346,0.959618799908896,1.0
C0015403,0.9723324446648894,0.9650631974099936,0.9791918367346938
C0042847,0.9654016156073769,0.9540457539455868,0.9588069436862261
C0024121,0.9656778692272521,0.9556985317201648,1.0
C0836924,0.9661834881419772,0.9527331309321134,0.9588069436862261
C0232492,0.9592934864389454,0.9458745756800895,0.9599180547973373
C0018188,0.9677042070161026,0.9465070556944766,0.8784061809593269
C0003862,0.9649441742421482,0.953772524432269,1.0
C0031154,0.9595693152544464,0.9424442080327621,0.9420822641979163
C0021092,0.9764134582032604,0.9731508640143157,0.9592
C0002962,0.9660226086547574,0.9512187091666561,0.8983751932222939
C0037672,0.9816083760302963,0.979594154562708,1.0
C0038358,0.9536412672825345,0.9289573813774642,0.9283001059087287
C0236048,0.9886505190311419,0.9849152950582365,0.9770158656454478
C0020461,0.9576800553231529,0.941688429867459,0.9774704110999933
C0151706,0.967297335600907,0.9592323368043074,0.9663350567884812
C0151970,0.9689390089986724,0.9608701631295645,1.0
C0033953,0.9867149758454107,0.9844905480782022,1.0
C0016169,0.9675805391190007,0.9547928588022598,0.9520549154238364
C0007859,0.96540492721765,0.9525868453284196,0.9787751700680271
C0029882,0.9688939081619227,0.9645350428017294,1.0
C0011124,0.956997230657292,0.9317115020740073,0.8828666726520165
C0014130,0.9766220322249806,0.9725851679333598,1.0
C0024894,0.9678953626634959,0.957306297663252,0.9382246736403256
C0025061,0.9620181405895691,0.9388727009325986,0.9104707065938239
C0270996,0.9681994459833795,0.9571370415320111,0.9599180547973373
C0004030,0.9709903251006551,0.9679754398176602,1.0
C0035410,0.9607703390821938,0.9480836715994112,0.9446234298670018
C0005586,0.9786316568047337,0.9717043897016551,0.9356825599000778
C0030486,0.9758984374999999,0.9736857669252101,1.0
C0020440,0.9688681474480151,0.9536833783276331,0.9283383966854971
C0001418,0.9597161056936144,0.9414336278504987,0.889954517590978
C0030920,0.9749245541838134,0.9693630021866007,1.0
C0041657,0.9484926986910406,0.9266523548466898,0.9647017234551478
C0042345,0.9820728598448507,0.9802684006472462,1.0
C0031090,0.9821149843912591,0.9713934939766659,0.9536185683360862
C0034072,0.9858601392626767,0.9852386675411933,1.0
C0149512,0.9805706871287793,0.9777305426555226,1.0
C0023530,0.9645591600406804,0.9540617107972299,0.9723800930423198
C0206062,0.9584214853890854,0.9434599793722711,0.9356825599000778
C0015802,0.9658791639367428,0.9505963945907414,0.9164968751579292
C0004601,0.9834136417970287,0.9790042176803635,1.0
C0013395,0.9664826728736862,0.9540790335503185,0.9295610887221427
C0549567,0.9311999999999999,0.9194160760509309,0.8826888986085717
C0037928,0.9858707409410492,0.9837309008014901,1.0
C0035258,0.9705148711983087,0.9633563319332615,0.9711857971421415
C0558489,0.9727069630833164,0.9629560762525459,0.967104287557712
C0152032,0.9825729201032428,0.9795789159616779,1.0
C0007286,0.9734132194663,0.9626774710144581,1.0
C0010414,0.9636881452474191,0.9589824347088546,0.973507077169304
C0016658,0.9681211667743654,0.9590919044295034,0.9717918577482021
C0010034,0.9375,0.9198770299457091,0.8494102859579898
C0600139,0.9682063277749589,0.958701457069747,0.9760745588901876
C0013221,0.9498225131866375,0.9263728486220728,0.9520801067976246
C0521620,0.948753462603878,0.9281338466713424,0.9125388434185888
C0085636,0.9715751183783746,0.9670846622322745,1.0
C0038450,0.9539365548980934,0.9448635060753139,0.9595918367346938
C0162323,0.9734907551793273,0.965549220290255,0.98
C0029878,0.970226843100189,0.9648355952176826,1.0
C1136085,0.9872184167784761,0.9832275132023464,0.9740476177098445
C0006852,0.9654010519395134,0.9528854847637686,0.9504134401309579
C0022408,0.9702763988478275,0.96088547192835,1.0
C0085584,0.9578138535667493,0.9440137885842721,1.0
C0020598,0.9629616216292611,0.9476423663608254,0.9247730360905538
C0014534,0.9851562500000001,0.9827162902369463,0.9779148555444378
C0011127,0.9725082303144316,0.9638484701245567,1.0
C0032290,0.9656624842888383,0.9604050016847799,1.0
C0006144,0.9776047673971549,0.9732661558958602,0.9740476177098445
C0002940,0.9729575382961569,0.9589918335247554,0.9380233166174584
C0030319,0.9785278106508877,0.9761875095702407,1.0
C0002994,0.9539207142097991,0.9368870224975575,0.9283383966854971
C0018784,0.9266435622768326,0.9064529374976401,0.9280805434132511
C0004153,0.9765781155068725,0.9715423857821599,1.0
C0007785,0.9546468555163,0.9362140695507969,0.9609706863762847
C0019693,0.9511111111111111,0.9386902775814454,0.8781013407378155
C0019521,0.9704601924016225,0.9669142508362458,1.0
C0020550,0.9669376873821725,0.9541544540356396,0.9663350567884812
C0032781,0.9753570351689921,0.976255143159526,1.0
C0476427,0.9919803965248385,0.990917538381946,0.9770158656454478
C0005747,0.9573815653065265,0.9413643997073483,1.0
C0015408,0.9730812854442344,0.9682891965500378,0.9745739334993182
C0001948,0.9668321820102224,0.9627340137684315,1.0
C0028754,0.9717904088718822,0.9651888283083493,1.0
C0026919,0.9719338715878508,0.9699690329737164,0.884763214070028
C0392525,0.9700813317479191,0.9598362498285137,0.967104287557712
C0259817,0.9633585722011898,0.9516270956244538,0.9389976262188539
C0040586,0.9638934477969954,0.9387527697188043,0.907769313912217
C0034150,0.9534532302814109,0.9403262587733046,0.9534460540010216
C0152128,0.9711071058811647,0.9642443004467907,1.0
C0040128,0.9808669252825097,0.9781569685613091,1.0
C0018801,0.9529155168416219,0.9375791961929697,1.0
C0013146,0.9815783062536309,0.9762105598638935,1.0
C0151611,0.9698011806638449,0.9572155162474948,0.9312808087805456
C0037023,0.9704964328180736,0.9656377402200779,0.9774704110999933
C0031542,0.9623671358804942,0.9530948847992701,0.9740476177098445
C0020433,0.957342462051259,0.9423605396981726,0.98
C0149725,0.9554781495813436,0.9339489506921532,0.9196537910532241
C0034186,0.9690307072755339,0.9629887146558682,1.0
C0039591,0.9775696612325125,0.9774254619739429,1.0
C0011880,0.9668242261794895,0.9524840485297008,0.9443730360905538
C0041952,0.9748635449583453,0.9671515383956497,0.9717918577482021
C0027080,0.9544347461923339,0.934115285035776,0.8906905166255535
C0018021,0.9700829522393364,0.9624903591770138,1.0
C0008049,0.9630177514792899,0.9677775209469478,0.9123896838721763
C0018965,0.9613140605087469,0.9521229923303614,1.0
C0018500,0.994055784179241,0.9946072957108014,1.0
C0003079,0.9564999999999999,0.938942764348935,0.9191898570086263
C0085680,0.9673260789117885,0.9565128137942784,0.9435837154964051
C0015256,0.9715344943722009,0.965221561193309,0.9774704110999933
C0020502,0.9529137371552191,0.9519495935856894,0.9770158656454478
C0014175,0.9831968073934048,0.9837199731920928,1.0
C0020514,0.9501002450434396,0.9078565636164183,0.8630093916378765
C0004623,0.9609078448903943,0.9441676751520969,0.9255358040809228
C0042384,0.9662276785714285,0.9534509693770246,0.9588069436862261
C0041912,0.963525686682738,0.9446755788321619,0.9069004044314711
C0242528,0.9671477316136718,0.9551147038272902,0.9359897730868735
C0039446,0.981614478598104,0.9824240884979285,0.9770158656454478
C0235896,0.956765248275391,0.9391429713524978,0.9576304730979908
C0015423,0.9892259898208738,0.9878775525793708,1.0
C0014356,0.9462512101545412,0.9350388078176977,0.9371662436751089
C0021099,0.976163014225298,0.9763475557736485,0.8727146793164602
C0042373,0.9636797337278107,0.9556427748245742,0.9750867540121387
C0011881,0.9887779775559551,0.9894706883458434,1.0
C0040460,0.9815221297005108,0.9797554870065722,1.0
C0026846,0.9631833101881075,0.9523339272888423,0.9705607971421415
C0034067,0.9597818677573279,0.9405987242833739,0.969915635851819
C0278008,0.9821084695914009,0.9811292861753405,1.0
C0149516,0.9722496570644719,0.9601824983070145,0.9520801067976246
C0027059,0.9613771552314904,0.9493670753128824,0.9550471397646575
C0276143,0.9740740740740741,0.9719006438660599,0.9755867540121388
C0085624,0.9667735966935793,0.9597861370346754,1.0
C0085606,0.9708769029524351,0.9638523032223616,1.0
C1527344,0.9640497052134758,0.9418365910115672,0.9074852451738508
C0281774,0.9809367504103017,0.983730421295112,1.0
C0025323,0.9692246913580247,0.9651162080649218,1.0
C0151436,0.9535771514751625,0.9109474317773534,0.8057857749383297
C0271650,0.9694076952449406,0.9598439494095714,0.9647017234551478
C1510475,0.9647069556491026,0.96290113252871,1.0
C0019917,0.9623524170193807,0.9549038237771509,0.9011509578440534
C0553723,0.9873922902494331,0.9879099016638495,1.0
C0037383,0.9617414673474872,0.9557781845262676,1.0
C0392699,0.9627301117685733,0.9511943799554851,0.9576304730979908
C0973461,0.9579604578563995,0.9378713533689215,0.8891733675018858
C0042514,0.96609799642928,0.9589545804592562,1.0
C0239739,0.9742858559809562,0.9716325370672699,1.0
C0032326,0.9561673508603372,0.9419673884974363,0.9576304730979908
C0011206,0.9590605668476202,0.945674194929761,1.0
C0019270,0.9733600927932603,0.9668696413494167,1.0
C0009319,0.9675712620767027,0.9579746016347546,0.9685593140127385
C0004626,0.9738657576495414,0.9694577395111261,1.0
C0008311,0.9602556063184926,0.9417378754785665,0.9000322893527328
C0025222,0.9464066038425013,0.9295261760198119,0.9151633817686974
C0037052,0.9642112482853223,0.948262048032776,0.9376865900761985
C0017086,0.9741160250865053,0.9694057679820589,1.0
C0011854,0.9642511384416794,0.9510284956808241,0.9783496381531335
C0020255,0.9732533069168464,0.9682530476328569,1.0
C1510431,0.9876798285889195,0.9862260855354238,1.0
C0740401,0.9720615625919028,0.9593874887693362,0.946595258312776
C0152027,0.9641980897450944,0.9512774027489513,1.0
C0151798,0.9487017632453814,0.9199333978970288,0.8886016622726055
C0917798,0.9714719913819636,0.9613415504583691,0.9717918577482021
C0018924,0.9523362732219929,0.9433695287834643,0.8774424510974407
C0032308,0.9688495471293728,0.9650421534149864,1.0
C0014518,0.9617037991667255,0.9536604457878932,1.0
C0151514,0.9690373428410584,0.9672550335575187,0.9566243690468086
C0007570,0.9771301903114187,0.9747166410533346,1.0
C0011603,0.9642359785269873,0.9553998144233098,0.9576304730979908
C0009375,0.9598214285714286,0.9632787967125596,0.9107557732905919
C0085580,0.9807644628099175,0.9741932128527552,0.9705607971421415
C0027707,0.9463637683263174,0.924607904420575,0.9242539914249346
C0262627,0.9836040276223911,0.9828062466026105,1.0
C0041956,0.9634246826171875,0.9609235463763188,1.0
C0006826,0.9672375077780483,0.9614338573106092,1.0
C0015544,0.9762085096903543,0.9682814044511775,0.9466475511542809
C0002390,0.9549338374291115,0.9350240268822128,0.939015893233411
C0035305,0.9578176590822308,0.9380687837979348,0.9022686602052319
C0152029,0.9793603869927439,0.9742380469881716,1.0
C0006152,0.9768047337278106,0.9738051939439444,0.9464427257671801
C0038012,0.9767245741271716,0.9741081044759273,0.9587496381531335
C0026267,0.9803547560703944,0.9738233768437414,0.9692489691851524
C0021845,0.9548679491920434,0.9419045710415277,0.9774704110999933
C0028259,0.963947427043885,0.9556697136002074,0.9787751700680271
C0017574,0.966952390465607,0.9526163142446952,0.9536185683360862
C0031538,0.9810093652445369,0.980840598023301,0.9755867540121388
C0024586,0.9597663139329806,0.9449842086923774,0.969915635851819
C0267566,0.9614955357142858,0.9566220793789539,0.9515807950252408
C0011884,0.9765774432053334,0.973540925181741,1.0
C0025874,0.9765895993698264,0.9741045233834326,1.0
C0149531,0.9706410884734766,0.9670571200617781,1.0
C0026986,0.9638068114394209,0.9563704628422856,1.0
C0007780,0.9546045785639958,0.9383481087876457,0.9174726106155139
C0023524,0.9537917683696658,0.9382806425342696,0.9163588446266705
C0038525,0.9623128195763331,0.9557999910745137,1.0
C0034735,0.9711505588428665,0.9633735282470581,0.9795999999999999
C0149696,0.9675068587105624,0.9644275113062057,1.0
C0151632,0.9545394420812998,0.9433357369118159,0.9729515216137484
C0018621,0.9732468955441929,0.9644618572367618,0.9655350567884813
C0009088,0.944101048105348,0.9285152426782604,0.8357052419701161
C0162834,0.9720193088128497,0.9687777211671375,0.9783496381531335
C0024236,0.958198676515851,0.9439140292326721,0.9384979383703054
C0024050,0.965056319280545,0.9600120038086862,1.0
C0009946,0.9765553280135584,0.9742385058257488,1.0
C0264906,0.9763106017574927,0.971868072036612,0.973507077169304
C0023518,0.967221892641202,0.9632952708606484,1.0
C0022602,0.9791049382716049,0.9753787278208632,1.0
C0020473,0.9723847902753452,0.9661274369253109,1.0
C0018926,0.9601989619377164,0.9466969638742255,0.9729515216137484
C0085614,0.9706424112018518,0.9647922663316909,1.0
C0014335,0.9579994331211832,0.9434026014162422,0.9403180547973373
C0686347,0.971525,0.9669141762824677,1.0
C0013595,0.9617592592592592,0.9477962456743072,0.9355588446266705
C0001824,0.9549960695257227,0.9417170519981062,0.9745739334993182
C1621958,0.970947265625,0.9691570320559608,0.9285762662067356
C0030299,0.9569561058560953,0.9541246400713642,0.98
C0027813,0.9712607415419745,0.9640750655171203,0.9770158656454478
C0085635,0.949645979193861,0.938818430136649,0.9397551071381142
C0002878,0.9645372942076239,0.9602270309461369,0.9760745588901876
C0085602,0.9760937092586924,0.9726149181794225,1.0
C0036341,0.9584775086505191,0.9487534164229421,1.0
C0018520,0.9725620891161432,0.9545612990632037,0.9192151635861068
C1456784,0.9727058698844797,0.967625585395847,1.0
C0235328,0.9797297297297297,0.9792057507637106,0.9779148555444378
C0041755,0.963923804816044,0.9489818314825609,0.9760745588901876
C0023418,0.9661326503189289,0.9506856592934719,0.9277733309784055
C0029124,0.96171875,0.9546490317520285,0.945143560189842
C0015300,0.954719387755102,0.9396585181219018,0.876554946646491
C0023211,0.9623676828893757,0.9549453415076157,1.0
C0220983,0.9674961454336836,0.9556707997405568,0.9485952583127761
C0002453,0.9877647210743801,0.9852717488222115,1.0
C0151517,0.9682868843015888,0.9608633090542108,1.0
C0013298,0.9706265800541896,0.9672332556318605,1.0
C0014869,0.9777589663622188,0.9710155637625706,1.0
C0029134,0.9729921579232017,0.9676268181858164,1.0
C0522055,0.9688007874195984,0.9639521711642551,1.0
C0032617,0.9682307671987954,0.9624616800120164,1.0
C0007860,0.9868856332703214,0.9870674218205829,1.0
C0015468,0.9825534271200314,0.9792279042363535,1.0
C0016199,0.9724011756668149,0.9677802189292005,1.0
C0151636,0.9624336566045377,0.9521813578704946,0.9774704110999933
C0019193,0.9676706046149751,0.96320670536911,1.0
C0009193,0.998077662437524,0.9980832969517813,0.9791918367346938
C0037036,0.9615282242378329,0.9544851524104724,1.0
C0019322,0.9677136596055516,0.955801540136472,0.9520801067976246
C0017160,0.9719384461066582,0.9638519516701829,0.9563804730979908
C0005826,0.9523023444072316,0.9355523390619878,0.9254293654782286
C0008312,0.9722222222222222,0.9696975813841253,0.947853191563759
C0042420,0.9728092718568908,0.9691530146855724,1.0
C0022679,0.9602760710377914,0.9347617665910838,0.8534062025895298
C0042870,0.9767561983471074,0.9759504733715304,1.0
C0149520,0.9778568786982248,0.9742550065908727,1.0
C0227791,0.964086127547666,0.9405337780000786,0.910015893233411
C0085583,0.9583904892546868,0.9376261854015632,0.8946726024731276
C0034888,0.9805996472663139,0.9827201584735854,0.9795999999999999
C0037287,0.9758595034850026,0.9732285301093848,1.0
C0178879,0.9641881957571938,0.9511044234861511,0.9367804730979908
C0034155,0.9698718641868512,0.9614499044477409,0.9576304730979908
C0034069,0.9536222613145691,0.941038796245442,0.9717918577482021
C0040584,0.9652514872904273,0.9626312305909385,0.9595918367346938
C0039504,0.991296,0.9895981037022977,1.0
C0041296,0.9469675124951942,0.9215957323525219,0.9019866356977253
C0006267,0.9759208244056728,0.9705088577204963,0.9787751700680271
C0007820,0.9434185438881435,0.9262171083931551,0.9431910415698515
C0518988,0.9719732357025629,0.9617822477716779,1.0
C0156404,0.9850127250447733,0.98551771655812,1.0
C0001623,0.9632526564344747,0.9511817909500698,0.9678450282984528
C0030353,0.9525636700961376,0.9412244439042217,0.945143560189842
C0038363,0.9513609467455622,0.9238046283091719,0.8940785259582714
C0019557,0.9694073771924712,0.953452367330594,0.9349208258276756
C0424230,0.9501953125,0.9338779893838223,0.9047370660222946
C0006271,0.952880859375,0.9479825387753256,0.9355811750809119
C0034902,0.9645128333437585,0.959548661803429,1.0
C0036202,0.9681140842813651,0.957621748930449,0.9501693005435022
C0030312,0.9550015318383525,0.9357900374223521,0.920015893233411
C0031212,0.9729056368732482,0.9639262419844138,1.0
C0031099,0.9829881656804734,0.9817848905858247,1.0
C0005424,0.9820199830332736,0.9822553304080766,1.0
C0002064,0.9746280991735536,0.973582228319928,0.9760745588901876
C0034880,0.9619500594530321,0.9576452677210086,0.9592
C0042798,0.9580440388811744,0.9284232466315341,0.8648835424146957
C0151971,0.9740302432610124,0.972652388989859,0.952832038471674
C0003044,0.9766294092030774,0.9675104215860434,0.9384273308169392
C0038002,0.96681472,0.9579236865822364,0.9787751700680271
C0005818,0.9639706663832501,0.9423694543234465,0.8948513853915262
C0007784,0.9541559053633708,0.937885625951121,0.9723800930423198
C0026821,0.9736301645681764,0.9617471053913571,0.9795999999999999
C0699885,0.9731367169638775,0.9704397256707847,1.0
C0021390,0.9861212563915266,0.9868844480401231,1.0
C0030578,0.9602249062890462,0.9600645677193622,0.9711857971421415
C0036396,0.9760023363970993,0.9722532215925254,1.0
C1258666,0.993265306122449,0.9930905400818665,1.0
C0040590,0.9917339484813533,0.9922112461403383,1.0
C0042267,0.9803292124854859,0.9750538978532001,1.0
C0341163,0.9537037037037037,0.9333899493794153,0.8744027146666952
C1257843,0.9532480019229614,0.9458932571986591,0.973507077169304
C0042025,0.9780752869879377,0.9731976823846769,1.0
C0271468,0.9858253315043439,0.984495535456265,1.0
C0040997,0.9706282344995026,0.9637959150526749,1.0
C0034359,0.9599876885195444,0.9500350653916578,0.9550471397646575
C0027709,0.9709282605008762,0.96448607294269,1.0
C0267112,0.968045857584376,0.9613498923780128,1.0
C0019151,0.9422777777777777,0.9252822122230225,0.9495241392531797
C0740858,0.9886390532544379,0.9854913638258777,0.969915635851819
C0155540,0.9685333333333332,0.9600842768018157,0.9354936365614624
C0085694,0.9621358501783591,0.9541690871532506,0.9729515216137484
C0497327,0.9627346061390534,0.9460799992173787,0.9795999999999999
C0020490,0.9828099173553719,0.9821581282849946,0.9515807950252408
C0007177,0.9715570934256055,0.963732301089706,0.9711857971421415
C0022671,0.9794874527145825,0.9735937617972303,0.969915635851819
C0029163,0.9603595344387756,0.9397050282197128,0.9080804782543414
C0002726,0.9695294784580498,0.9646533439435364,0.9717918577482021
C0003869,0.9708483987603306,0.9701747373784284,1.0
C0001969,0.9623890815729021,0.9536713100766405,0.9705607971421415
C0042928,0.9683281964076949,0.9715254731635585,1.0
C0018818,0.949204152249135,0.9460099574729892,0.9638321582377566
C0033581,0.983070719780377,0.9764464300809632,0.9745739334993182
C0014394,0.9694598925440663,0.9700899693468598,1.0
C0019572,0.9787626962142199,0.9662225518548293,0.9320882700629308
C0033246,0.978850037198427,0.9665581657707667,0.9520801067976246
C0020453,0.9661934087453942,0.9639722718176603,1.0
C0037195,0.9690740740740741,0.946985482949066,0.910015893233411
C0027531,0.975452196382429,0.9605683112482222,0.9326701135769633
C0042133,0.9792509777661319,0.9773103557300041,1.0
C0086438,0.9649162516976008,0.9487864433721683,0.9065951964266421
C0027822,0.9718364197530864,0.955687750104495,0.9289952583127762
C0027726,0.9576784393491125,0.9534773174141044,1.0
C0009144,0.9771591020488187,0.9742454634154674,1.0
C0038379,0.9533,0.9374181125934604,0.9181143963613154
C0012691,0.9745736558923371,0.9673974975808912,1.0
C0040046,0.970430953129915,0.963078077711489,0.9787751700680271
C0025289,0.9731126408725997,0.9676035134073827,1.0
C0003635,0.9888941398865785,0.9860416361950746,0.9760745588901876
C0149721,0.9625036761101853,0.9428603951810802,0.92188119935586
C0024312,0.9708228186188731,0.967662477267715,0.9787751700680271
C0001430,0.983432996765023,0.9804800331356849,1.0
C0024523,0.9608843537414965,0.9416122201277833,0.8998850792073436
C0149736,0.9862258953168044,0.980358913007238,0.9663350567884812
C0014038,0.9635568513119535,0.9529312824483203,0.9599180547973373
C0019163,0.9594444444444444,0.9460921258078955,0.9327307223867836
C0003615,0.970116907298312,0.9657056383874627,1.0
C0019189,0.9881285444234404,0.9875130930531392,1.0
C0519030,0.9739506172839506,0.9654984462248346,0.9588069436862261
C0040136,0.9755950032873111,0.9760403268190634,1.0
C0032310,0.9951325040562466,0.9952145718867957,1.0
C0085662,0.9640831758034025,0.9354201886994303,0.8937058778553109
C0152021,0.9751890359168243,0.9726792256269821,0.9745739334993182
C0019825,0.9734067952249771,0.9620620193114964,0.9588069436862261
C0040261,0.9831268491124261,0.9817859322696929,1.0
C0018991,0.9626013522991892,0.9547687254300655,0.9576304730979908
C0019159,0.9804890738813736,0.9813426881467191,0.9591751700680271
C0162298,0.9698948621305297,0.9623464935330793,1.0
C0018916,0.974025974025974,0.9711885688887313,0.9787751700680271
C0032768,0.9773588081811295,0.9607447261293305,0.9260762402372943
C0039483,0.9919651056014692,0.9909693806647079,0.9770158656454478
C0205929,0.9809782608695652,0.9800049249402639,1.0
C0014009,0.9660709486697123,0.9345417982788559,0.910015893233411
C0030583,0.9604152249134948,0.9574648422989751,0.9509925597311232
C0574960,0.9885324430251126,0.9705481702093235,0.9418730360905537
C0019655,0.9734720946842159,0.97148391020564,0.98
C0014866,0.9623700714880926,0.9528373298142414,0.9770158656454478
C0038131,0.9814,0.9813060910911331,1.0
C0032633,0.9840561224489797,0.981662529347163,0.9492571324504585
C0014488,0.9948380206479174,0.9947479102877954,1.0
C0029400,0.9693183395807302,0.9673243540319676,0.9795999999999999
C0699791,0.9750148720999405,0.9761310600716264,1.0
C0085652,0.9559231976814395,0.9505462377822307,0.9655350567884813
C1384606,0.9938888888888889,0.9943261357932982,1.0
C0025202,0.96067250231462,0.9510169396057435,0.9755867540121388
C0007868,0.9912904630570475,0.9907439104591276,1.0
C0016807,0.9839334027055151,0.9692435105419056,0.939015893233411
C0699744,0.9686173378297956,0.9540350878002613,0.9266825599000776
C0001546,0.9875052061640983,0.9878035341767618,1.0
C0039520,0.958955223880597,0.9378411347595834,0.9054669806619071
C0085681,0.95916748046875,0.945854076175152,0.9380574403884241
C0013405,0.9899611260626255,0.9893781230942958,1.0
C0006384,0.9666681285908513,0.9614311962926825,1.0
C0262397,0.9848463085320309,0.9833270438517357,1.0
C0006105,0.9626941500943533,0.9628909936817197,1.0
C0302592,0.985307621671258,0.9864333720029539,1.0
C0023903,0.9802472453641495,0.9801604235628913,1.0
C0080194,0.971711129016236,0.9644880759494266,1.0
C0162316,0.9695355340655221,0.9590566903620059,0.9678450282984528
C0029925,0.9783660306369255,0.9753839638910811,1.0
C0267716,0.9795673076923077,0.9780770385312232,1.0
C0152018,0.9604510924896233,0.9590349098977606,1.0
C0035302,0.9704163623082542,0.9680664062273144,0.955829711088876
C0003874,0.9678837521403119,0.9645259525546578,1.0
C0032776,0.9658548046049025,0.9325943912341881,0.8804293333643701
C0006107,0.9785887890127696,0.9755439485019657,1.0
C0034886,0.9813336296249267,0.9782600936790121,1.0
C0262613,0.9821437813777756,0.9772171978503578,0.9770158656454478
C0149678,0.9285810266057513,0.8975596811310155,0.8429569198334383
C0016034,0.9892099831112778,0.9882187094853478,1.0
C0022568,0.9614078768673608,0.9614704250112983,0.9791918367346938
C0235974,0.9745604613036349,0.9717141524288724,0.976550749366378
C0037578,0.970414201183432,0.9639663355349681,0.9362300765920202
C0030326,0.9741453605285838,0.974646928766715,0.9531014987327567
C0007280,0.9814622252500986,0.9742909240481491,0.9779148555444378
C0242301,0.9730364418288818,0.9642375061989539,0.9647017234551478
C0010032,0.9731148918294477,0.9730791946629744,0.9553751656343306
C0152459,0.9611029948867786,0.9503357946817181,0.9319800476229508
C0152013,0.9811906501095691,0.9779163103968243,0.9692489691851524
C0699790,0.966308853225635,0.9544291085723704,0.976550749366378
C0001126,0.9713261648745519,0.971149572451837,0.9774704110999933
C1261473,0.9746251441753172,0.9753223842350083,0.8892724581508478
C0016479,0.9730177514792899,0.9613528371231966,0.9340185683360862
C0026975,0.9768858131487889,0.970158911225993,0.9295641935292493
C0221166,0.9572152373803716,0.9559757849446718,0.9458544904730624
C0003564,0.9615531169029111,0.945162040838167,0.9223300959804864
C0037995,0.9583481666073336,0.9513999869268673,0.8894516333444795
C0242172,0.9832503395201448,0.982447131142608,1.0
C0033893,0.9864575459813555,0.9823291987582325,0.9787751700680271
C0021345,0.9856,0.9837469185175307,0.9750867540121387
C0020162,0.9646221055023863,0.9544373670470508,0.9729515216137484
C0079035,0.9377238186741199,0.9074709535592829,0.8701895980763352
C0178282,0.9699173553719009,0.9530244562853293,0.910015893233411
C0024205,0.9712222383509943,0.9690131479949147,0.9791918367346938
C0036508,0.9832892249527411,0.9800447401723388,0.9779148555444378
C0314719,0.9613956655233103,0.952335430142572,0.9791918367346938
C0024282,0.987607645452636,0.9878258330811495,1.0
C0007462,0.9794195860793155,0.9656176582778863,0.9520801067976246
C0262578,0.9745777777777778,0.9659324810228873,0.9398019727439406
C0016242,0.9628179030637224,0.9502383116818774,0.9599180547973373
C0003708,0.9889946460440214,0.9910101654315713,1.0
C0010055,0.9750692520775623,0.9652117285605561,0.9517359423755779
C0282005,0.9516774392120653,0.9422271442287031,0.8825740368000348
C0149756,0.976963053541794,0.9711103432428358,1.0
C0013390,0.9754956560481176,0.9723197304113456,0.9655350567884813
C0042961,0.9685491276400366,0.9618288177852297,0.9191692105417596
C0014733,0.9747942386831275,0.9725315234798773,0.9770158656454478
C0149741,0.9782996432818073,0.970489762405029,0.9358913956651038
C0009326,0.9746251441753172,0.9681042064399348,0.9180076909786677
C0600327,0.9709141274238227,0.967388726822067,0.934312626063087
C0032305,0.9587748584700246,0.9502848135144865,0.9400726158941503
C0149778,0.98,0.9785066760657427,1.0
C0002884,0.9234909650134564,0.9140122632765029,0.7852091609292041
C0238154,0.9469562121751514,0.9498705858431036,0.8258154647748408
C0042907,0.9439193446754883,0.9265847423344837,0.8940605677975167
C0003126,0.9655460669737251,0.9542372756244295,0.9685593140127385
C0020565,0.9764309764309764,0.9614336626133544,0.9270531115858194
C0004095,0.9775005569169081,0.9774332868743728,0.9770158656454478
C0009324,0.9543193353703189,0.9257363344077834,0.8599513659430973
C0318712,0.9674282503220855,0.9576758833654443,0.9711857971421415
C0034372,0.9734693877551022,0.9707883918968384,0.9705607971421415
C0033038,0.9530612244897959,0.9028227897279294,0.8429907450880088
C0028077,0.9758690031600115,0.9750029559878828,0.9516491177803758
C0259749,0.970488888888889,0.9590873171741194,0.9504134401309579
C0002736,0.98765625,0.9889076786077325,1.0
C0015806,0.9648032006920415,0.9488606394383248,0.930421603396264
C0178428,0.9542113001470278,0.9623416533810656,0.9583836734693878
C0040456,0.9900519031141869,0.9899651233285718,1.0
C0085655,0.9722425127830534,0.966622904053546,0.969915635851819
C0024198,0.9763544536271809,0.9767991755952073,0.9774704110999933
C0013274,0.932542861720878,0.9186415626284405,0.8794241565545212
C0040485,0.9733379501385041,0.9725474684567588,0.9760745588901876
C0282488,0.9723928962208569,0.9699279623068805,0.9779148555444378
C0022575,0.9758677685950413,0.971648682519989,0.9564745588901876
C0026896,0.9518816432059752,0.9406504816098421,0.934939014712723
C0241353,0.9791666666666667,0.9747144791339878,0.9479796675672799
C0750876,0.974719908072393,0.9710935929358069,0.9447357587714024
C0235660,0.9952751105014479,0.995493138871285,1.0
C0019212,0.9721064865576072,0.9683348772652752,1.0
C0274435,0.9717753519103705,0.9679004582050736,0.9723800930423198
C0003868,0.9926665958125199,0.9927065403365419,1.0
C0026948,0.9701693093254502,0.9718577018710852,0.9544476177098445
C0032273,0.9822000711997152,0.9765121284596967,0.9423706863762846
C0009410,0.9789612097304405,0.9759714537195309,0.9566711130829144
C0033845,0.955078125,0.9384205160101051,0.8740467768149667
C0156369,0.9738823906425252,0.9651645733683344,0.9619706863762846
C0020258,0.9663461538461539,0.959927787170449,0.8738834059206664
C0332687,0.9745319615449486,0.9741680001265618,0.9583148555444378
C0079102,0.9919444444444444,0.9923234864505531,1.0
C0270629,0.9751984126984128,0.9790748749089452,1.0
C0016412,0.9742004837409298,0.9697798123344282,0.945143560189842
C0003611,0.9790975213614858,0.9696346353457795,0.9599180547973373
C0152169,0.9753269916765754,0.9756793091138889,0.9540557809751508
C0040259,0.9655928487097318,0.9535490333456609,0.9293892462047125
C0036830,0.9768687606525444,0.9665972056576153,0.9563804730979908
C0011633,0.9794904662714308,0.9674246071298793,0.9520801067976246
C0019284,0.9794483504597079,0.9735446906657751,0.967104287557712
C0265031,0.9644997295835587,0.9427500356344176,0.9004238090469263
C0262414,0.9684311224489797,0.9611888423898338,0.9359889764993515
C1510471,0.985969387755102,0.9852211419199212,0.9544476177098445
C0243010,0.9745498614958449,0.9743745632781475,0.9558002864072773
C0190211,0.9710743801652892,0.9679147573259688,0.9446460680248779
C0042164,0.9542996214169822,0.9503369851537431,0.9244197979463408
C0011630,0.9875509280217294,0.987491815264157,1.0
C0040425,0.9809325428617208,0.9789783963239318,0.9745739334993182
C0007078,0.9946174548250672,0.9944733839284916,0.9566711130829144
C0020619,0.9810471007693751,0.9804001354676697,1.0
C0019294,0.9720165074339986,0.9674067875945481,0.9779148555444378
C1527407,0.9774408284023668,0.9783753218929643,0.9291522480991347
C0003872,0.9823022959183674,0.979583197961824,1.0
C0005687,0.9784205693296602,0.97783538160734,0.9578704110999934
C0038220,0.9660645267399468,0.9575853340849898,0.9540557809751508
C0015645,0.9736561053755786,0.9685911047063056,0.9021955163082577
C0001818,0.970719381688466,0.9536182485588023,0.9418730360905537
C0026780,0.9844444444444445,0.9830656691610709,0.9529332334882009
C0029936,0.9958847736625515,0.9958849571347157,0.9787751700680271
C0025160,0.9669117647058824,0.9704945408639603,0.9562548318618228
C0038833,0.9921875,0.9921835839465207,0.9795999999999999
C0035220,0.9511726259131104,0.9568215937438775,0.8839628277243121
C0085786,0.9758579881656805,0.9583491595786953,0.923157622081013
C0006012,0.9945130315500686,0.9938407103607003,0.9755867540121388
C0155773,0.9727028066128414,0.96866886781157,0.9692489691851524
C0004690,0.9914940828402367,0.9916141610597079,0.9574785743652996
C0023885,0.9721934206805543,0.9652332044983847,0.9517359423755779
C0262365,0.9866898148148149,0.9881697942599895,1.0
C0038019,0.9809782608695652,0.9773274299991629,0.9760745588901876
C0158986,0.9650297110853084,0.9613380355660267,0.973507077169304
C0085166,0.9533641865432538,0.9399196420669154,0.8913583851878467
C0016665,0.9902777777777778,0.9910614939183919,1.0
C0006846,0.9854318418314256,0.985326509928138,0.976550749366378
C0025637,0.9803994082840237,0.9803684955413914,0.9124271072397018
C0426636,0.9868643272659036,0.9870453507214001,1.0
C0027430,0.9766081871345029,0.9660709307046127,0.9311534232831685
