left_out_node,left_out_ID,cosine_to_actual,best_train_loss,best_epoch,time_to_best
CID005362420,0,0.6009749174118042,0.23379625380039215,1000,5.710921287536621
CID000002462,1,0.43950188159942627,0.27281251549720764,118,0.6412167549133301
CID000004543,2,0.4812721610069275,0.2729657292366028,128,0.6784853935241699
CID000001972,3,0.37944817543029785,0.2247178554534912,915,5.022062540054321
CID000443871,4,0.5696685910224915,0.2494615912437439,1000,5.38843846321106
CID000003325,5,0.4273848533630371,0.2700733244419098,123,0.5941743850708008
CID000000159,6,0.4984319806098938,0.26917922496795654,130,0.644599199295044
CID000003676,7,0.6100473403930664,0.2698521614074707,129,0.7067437171936035
CID000065027,8,0.40222954750061035,0.2795417904853821,110,0.59409499168396
CID000002662,9,0.3635305166244507,0.2667061984539032,133,0.689532995223999
CID000003059,10,0.5223060250282288,0.2255125641822815,904,5.095994710922241
CID000001302,11,0.47435522079467773,0.22928282618522644,756,4.12594199180603
CID000003161,12,0.44250935316085815,0.22469328343868256,880,5.022467374801636
CID000000191,13,0.5908828973770142,0.2245716154575348,909,5.028923749923706
CID000003324,14,0.38671815395355225,0.2229679673910141,1000,5.526275396347046
CID000004911,15,0.49721217155456543,0.2288459688425064,1000,5.451912879943848
CID000005525,16,0.5285106301307678,0.25327396392822266,174,0.8374423980712891
CID000004473,17,0.687943696975708,0.2304961234331131,1000,5.208359479904175
CID000004943,18,0.41578733921051025,0.22233596444129944,974,5.452705383300781
CID000003463,19,0.5662871599197388,0.2291489839553833,999,5.520160436630249
CID000002520,20,0.5300182700157166,0.2584947943687439,153,0.6817600727081299
CID000005412,21,0.6166427135467529,0.2535717785358429,171,0.9713497161865234
CID000002646,22,0.7142269611358643,0.22676575183868408,833,4.748008728027344
CID000005466,23,0.5494049787521362,0.24170102179050446,1000,5.474357604980469
CID003086258,24,0.49828559160232544,0.22595278918743134,1000,5.508261442184448
CID000002487,25,0.5797497034072876,0.2512578070163727,179,0.9696173667907715
CID000004909,26,0.6569787859916687,0.27347227931022644,124,0.6662769317626953
CID000004053,27,0.7110497951507568,0.22979618608951569,1000,5.753422021865845
CID000004536,28,0.6055004000663757,0.2658517360687256,127,0.7442989349365234
CID000004509,29,0.5354547500610352,0.2239305078983307,1000,5.7158544063568115
CID000002658,30,0.6929974555969238,0.2638516128063202,141,0.802861213684082
CID000002756,31,0.622734546661377,0.22128687798976898,999,5.677701473236084
CID000004449,32,0.4119991660118103,0.2254118174314499,862,4.892012357711792
CID000005039,33,0.47812116146087646,0.2569488286972046,160,0.909294843673706
CID000002284,34,0.4920627474784851,0.22285419702529907,935,5.115377426147461
CID000005076,35,0.6361570358276367,0.25905126333236694,143,0.7973856925964355
CID000004900,36,0.5546029806137085,0.27572089433670044,114,0.6352415084838867
CID000003648,37,0.6040686368942261,0.27527090907096863,121,0.6080293655395508
CID000005073,38,0.4804603159427643,0.2515159845352173,1000,5.553199291229248
CID000060852,39,0.45481443405151367,0.2233927994966507,996,5.3901753425598145
CID000060164,40,0.545588493347168,0.2317512035369873,997,5.6659955978393555
CID000004542,41,0.5854096412658691,0.2772377133369446,117,0.6745493412017822
CID000002099,42,0.5851471424102783,0.25591790676116943,171,0.9779350757598877
CID000657298,43,0.5290114283561707,0.22202886641025543,1000,5.552870988845825
CID005329102,44,0.5450345873832703,0.22313742339611053,1000,5.664396047592163
CID000150310,45,0.6150692701339722,0.26914340257644653,121,0.6558101177215576
CID000002519,46,0.533179521560669,0.22725190222263336,837,4.732768535614014
CID000131536,47,0.77202308177948,0.27337485551834106,120,0.6937029361724854
CID000002524,48,0.5675809979438782,0.24953408539295197,1000,5.554105997085571
CID000034312,49,0.47999900579452515,0.2229216992855072,995,5.3808066844940186
CID000003157,50,0.5462372303009033,0.2321518361568451,767,4.1628007888793945
CID000004201,51,0.4857596158981323,0.2601877450942993,153,0.9398143291473389
CID000005726,52,0.6833276152610779,0.22510528564453125,924,5.16863226890564
CID000027991,53,0.7184033393859863,0.22530017793178558,881,5.032830715179443
CID000060871,54,0.520973265171051,0.22541514039039612,1000,5.717867851257324
CID000005402,55,0.5494544506072998,0.2692115306854248,127,0.7307126522064209
CID000003365,56,0.40124112367630005,0.2640256881713867,138,0.7929363250732422
CID000012620,57,0.610325038433075,0.26046815514564514,1000,5.7667012214660645
CID000003929,58,0.5898884534835815,0.2540471851825714,164,0.9269165992736816
CID000068844,59,0.3746570944786072,0.22649744153022766,866,4.74079966545105
CID000002267,60,0.5495555996894836,0.23185540735721588,720,3.9370129108428955
CID000115237,61,0.4787597060203552,0.25983697175979614,1000,5.6766579151153564
CID000002973,62,0.5530797839164734,0.2638435661792755,134,0.7633452415466309
CID000003478,63,0.7248998880386353,0.22582492232322693,910,5.047607183456421
CID000004920,64,0.5926163792610168,0.2583511769771576,1000,5.590827226638794
CID000005487,65,0.3114866018295288,0.2569371163845062,1000,5.760105848312378
CID000104865,66,0.544718861579895,0.22611191868782043,1000,5.655420303344727
CID000003405,67,0.43998193740844727,0.22150853276252747,996,5.700073480606079
CID000004510,68,0.528735876083374,0.23174886405467987,1000,5.731218576431274
CID000003827,69,0.5706835985183716,0.2712487578392029,999,5.671366930007935
CID000005584,70,0.49546682834625244,0.26019909977912903,151,0.9033091068267822
CID000004506,71,0.5788753628730774,0.22364866733551025,869,4.710754871368408
CID000003702,72,0.6993712186813354,0.22800810635089874,1000,5.527266025543213
CID000005352,73,0.5299479365348816,0.232407808303833,1000,5.731183290481567
CID000004425,74,0.6117672324180603,0.26991984248161316,133,0.787609338760376
CID000176870,75,0.4126923084259033,0.2530469298362732,1000,5.667546510696411
CID000004889,76,0.5934220552444458,0.22647283971309662,1000,5.726027488708496
CID000003461,77,0.5102022886276245,0.26886042952537537,132,0.7665789127349854
CID000004485,78,0.6602584719657898,0.22646094858646393,1000,5.726370811462402
CID000002891,79,0.4941926598548889,0.26443809270858765,142,0.7933967113494873
CID000002675,80,0.751073956489563,0.2563320994377136,152,0.8778438568115234
CID000005426,81,0.4541377127170563,0.2522139251232147,176,0.8726212978363037
CID000041693,82,0.7996304035186768,0.2250463217496872,859,4.753021955490112
CID005311027,83,0.5918435454368591,0.26334714889526367,147,0.7723302841186523
CID000002266,84,0.6382628679275513,0.22827978432178497,812,4.2952330112457275
CID000004171,85,0.5461947917938232,0.2622251808643341,138,0.6665973663330078
CID000003393,86,0.5213336944580078,0.22229528427124023,993,5.43190598487854
CID000001134,87,0.5485939979553223,0.23122549057006836,722,3.897005558013916
CID000004211,88,0.6909399032592773,0.2302747517824173,968,5.369523048400879
CID000005376,89,0.14991874992847443,0.25272735953330994,161,0.8039913177490234
CID000003914,90,0.6363697052001953,0.22526492178440094,922,5.027029275894165
CID000005453,91,0.6006273031234741,0.26058921217918396,150,0.8572509288787842
CID000005391,92,0.5545708537101746,0.24066618084907532,218,1.1427080631256104
CID000002308,93,0.4119616448879242,0.27064648270606995,122,0.6682226657867432
CID000036339,94,0.3533121943473816,0.2578103244304657,154,0.8703739643096924
CID000004205,95,0.5144027471542358,0.2619333565235138,146,0.8188192844390869
CID000004411,96,0.6226544976234436,0.26557496190071106,137,0.7385916709899902
CID000002786,97,0.37974750995635986,0.2661452889442444,136,0.7917959690093994
CID000054688,98,0.5783400535583496,0.26149919629096985,144,0.7230849266052246
CID000054547,99,0.36867761611938477,0.22606374323368073,852,4.747663259506226
CID000002471,100,0.4922431707382202,0.22102493047714233,998,5.719589471817017
CID000004745,101,0.5002609491348267,0.2483503520488739,199,1.0888912677764893
CID000002435,102,0.5833005905151367,0.2612983286380768,142,0.711479663848877
CID000003658,103,0.63994300365448,0.22409796714782715,952,5.396915674209595
CID000000598,104,0.6511611938476562,0.2526477873325348,1000,5.550503492355347
CID000003730,105,0.845259428024292,0.22255636751651764,994,5.601122856140137
CID000163742,106,0.6699696779251099,0.22241921722888947,997,5.4933648109436035
CID000060147,107,0.27349358797073364,0.23162922263145447,999,5.474117755889893
CID000004771,108,0.6581882834434509,0.2555152177810669,166,0.8893837928771973
CID000027661,109,0.46547380089759827,0.26089292764663696,142,0.7764866352081299
CID000001206,110,0.6670573353767395,0.2643313407897949,137,0.7188277244567871
CID000001971,111,0.5552496314048767,0.2285744845867157,1000,5.447750091552734
CID004659569,112,0.5428019762039185,0.2665371298789978,1000,5.403308868408203
CID000002678,113,0.4832552373409271,0.2298615276813507,1000,5.129785776138306
CID000005505,114,0.5037282109260559,0.2613844871520996,146,0.8244943618774414
CID000054841,115,0.6097851991653442,0.22895410656929016,1000,5.632378578186035
CID000003826,116,0.5024802088737488,0.22221192717552185,1000,5.332902431488037
CID000003823,117,0.5981082320213318,0.2222675383090973,998,5.540888547897339
CID000005206,118,0.6784918308258057,0.2546982765197754,171,0.9725158214569092
CID000004894,119,0.5735669732093811,0.22827215492725372,833,4.735505819320679
CID000667490,120,0.5432255268096924,0.2870330512523651,97,0.5679130554199219
CID000444013,121,0.5932849645614624,0.2674582302570343,132,0.4876387119293213
CID000151165,122,0.5696001052856445,0.22391273081302643,996,3.0692121982574463
CID000444033,123,0.6538711786270142,0.2245209962129593,1000,3.083524703979492
CID000004999,124,0.5200403332710266,0.22344952821731567,1000,3.0800294876098633
CID000002978,125,0.41188138723373413,0.23104119300842285,1000,3.0880990028381348
CID000060877,126,0.5966607928276062,0.2577986419200897,165,0.5122900009155273
CID000004259,127,0.6394336819648743,0.22930555045604706,1000,4.781039237976074
CID000170361,128,0.3985596299171448,0.2501717507839203,190,1.0213751792907715
CID000003042,129,0.41239896416664124,0.22648242115974426,1000,5.511761665344238
CID000004112,130,0.43874043226242065,0.2755032777786255,121,0.6954569816589355
CID000004845,131,0.5276422500610352,0.24908700585365295,1000,5.648315191268921
CID000003305,132,0.5196385383605957,0.2593228816986084,143,0.7773122787475586
CID000002631,133,0.6835691928863525,0.26041775941848755,143,0.739776611328125
CID000004170,134,0.5834900140762329,0.23090755939483643,977,5.377093076705933
CID000005717,135,0.38296669721603394,0.25459471344947815,1000,5.547536373138428
CID000003454,136,0.61553955078125,0.2615789473056793,140,0.8112659454345703
CID000003394,137,0.5304732322692871,0.2580621540546417,153,0.841050386428833
CID000012536,138,0.6399314403533936,0.2592509090900421,144,0.7870802879333496
CID000123606,139,0.751517653465271,0.2623818516731262,147,0.7154583930969238
CID006398970,140,0.40288299322128296,0.23233091831207275,1000,5.543565511703491
CID000004034,141,0.628395676612854,0.27286022901535034,118,0.6602046489715576
CID000002550,142,0.5941076278686523,0.2248922884464264,864,4.770617961883545
CID000003108,143,0.3473179042339325,0.26791760325431824,135,0.677717924118042
CID000004691,144,0.42399847507476807,0.2614471912384033,150,0.7406067848205566
CID000123620,145,0.5392153859138489,0.26198261976242065,138,0.7416541576385498
CID000004736,146,0.6366721391677856,0.22188080847263336,1000,5.552462816238403
CID000005672,147,0.5753885507583618,0.25742724537849426,153,0.8087718486785889
CID000004607,148,0.5276997685432434,0.25905269384384155,155,0.841022253036499
CID000027686,149,0.6539992690086365,0.2681658864021301,122,0.6733157634735107
CID005493381,150,0.36584246158599854,0.2612142264842987,142,0.7812561988830566
CID000003928,151,0.5435916781425476,0.23281538486480713,1000,5.361194849014282
CID000003488,152,0.7590874433517456,0.22751125693321228,1000,5.428884029388428
CID000062924,153,0.5267646908760071,0.24912497401237488,182,0.9945836067199707
CID000003278,154,0.4728609323501587,0.2313840240240097,1000,5.365470886230469
CID000032797,155,0.6012862920761108,0.2559155523777008,160,0.8798084259033203
CID005311048,156,0.250789999961853,0.23348544538021088,1000,5.5709311962127686
CID000002405,157,0.5319111347198486,0.2215845137834549,1000,5.479794263839722
CID000002803,158,0.5046215057373047,0.22690516710281372,990,5.3566648960113525
CID000002083,159,0.5007308721542358,0.2653345763683319,141,0.7381699085235596
CID000003724,160,0.8318413496017456,0.2655692398548126,135,0.685312032699585
CID000004095,161,0.5594661235809326,0.23353323340415955,1000,4.370162725448608
CID000003964,162,0.6739139556884766,0.2550327181816101,1000,5.591870546340942
CID000005078,163,0.6582449674606323,0.22877004742622375,1000,5.40182089805603
CID000039765,164,0.6126036643981934,0.2552917003631592,170,0.8413186073303223
CID000125017,165,0.6059284210205078,0.2526160776615143,1000,5.420479774475098
CID000005472,166,0.2763550877571106,0.25840529799461365,154,0.7934737205505371
CID000005523,167,0.5632052421569824,0.2277519255876541,1000,5.132303953170776
CID000003333,168,0.5942832231521606,0.2609780728816986,146,0.7344775199890137
CID000004834,169,0.5271521210670471,0.27239519357681274,124,0.6617777347564697
CID000004046,170,0.26418614387512207,0.23142775893211365,1000,5.343329906463623
CID000003440,171,0.5789881944656372,0.22701109945774078,1000,5.572246313095093
CID004479097,172,0.6852329969406128,0.24522808194160461,203,1.0781726837158203
CID000002812,173,0.5759899020195007,0.23014946281909943,721,3.9729466438293457
CID000003562,174,0.3447873890399933,0.25218522548675537,988,5.07466983795166
CID000005401,175,0.5021315217018127,0.22660131752490997,1000,4.898684978485107
CID003002190,176,0.5755746364593506,0.26443418860435486,142,0.776604413986206
CID000002637,177,0.7359052300453186,0.22320371866226196,946,5.049250364303589
CID000002269,178,0.44782260060310364,0.2590898871421814,146,0.8136811256408691
CID000004140,179,0.6617568135261536,0.26575466990470886,132,0.7445418834686279
CID000056959,180,0.5535014867782593,0.24625371396541595,210,1.1476411819458008
CID000003559,181,0.5308815836906433,0.2558290660381317,1000,5.5264787673950195
CID000002177,182,0.5458141565322876,0.22921407222747803,830,4.610307931900024
CID000004192,183,0.527978777885437,0.22713781893253326,874,4.810933351516724
CID000060831,184,0.46029385924339294,0.22901400923728943,1000,5.404281854629517
CID000000298,185,0.6175965666770935,0.22803160548210144,795,4.204028606414795
CID000002153,186,0.5517584681510925,0.26112696528434753,147,0.8314721584320068
CID000093860,187,0.5087215900421143,0.22865250706672668,1000,5.563434600830078
CID000060696,188,0.7178826332092285,0.24987655878067017,1000,5.424647569656372
CID000005530,189,0.6210798025131226,0.25591325759887695,157,0.863896369934082
CID000009433,190,0.4478738009929657,0.26268115639686584,141,0.8237912654876709
CID000002806,191,0.33388662338256836,0.22509098052978516,1000,5.463355779647827
CID000000581,192,0.5135239362716675,0.22578172385692596,941,5.076323509216309
CID000003911,193,0.49512696266174316,0.25295668840408325,180,0.9535155296325684
CID000002771,194,0.48884889483451843,0.26012444496154785,154,0.8675789833068848
CID000005035,195,0.41980215907096863,0.2661244571208954,131,0.690892219543457
CID000005077,196,0.41435158252716064,0.2666233777999878,134,0.7167665958404541
CID000000450,197,0.3852452039718628,0.22224073112010956,946,5.154699802398682
CID000004946,198,0.5758494734764099,0.2547796070575714,158,0.8801538944244385
CID000004178,199,0.5651974678039551,0.229542538523674,790,4.3794591426849365
CID005281104,200,0.2161960005760193,0.27686214447021484,116,0.6805675029754639
CID000004236,201,0.5028706789016724,0.25377726554870605,1000,5.670433521270752
CID000003419,202,0.4382699131965637,0.22972585260868073,1000,5.502777099609375
CID000004727,203,0.48917317390441895,0.22578904032707214,888,4.9409565925598145
CID000005381,204,0.5536736249923706,0.22870565950870514,1000,5.4383320808410645
CID004475485,205,0.3623471260070801,0.25745388865470886,158,0.9122054576873779
CID000001978,206,0.38514575362205505,0.22731029987335205,1000,5.392366409301758
CID000071616,207,0.3976253867149353,0.2546992003917694,167,0.8501441478729248
CID000003467,208,0.5782510042190552,0.24071697890758514,228,1.3306217193603516
CID000005372,209,0.5924340486526489,0.22146493196487427,1000,5.495005130767822
CID000004253,210,0.667030394077301,0.22735780477523804,1000,5.361296892166138
CID000003821,211,0.4929773807525635,0.25984764099121094,152,0.755490779876709
CID005353980,212,0.5787736177444458,0.2244996279478073,1000,5.52839469909668
CID000000214,213,0.3860699236392975,0.22500933706760406,886,4.75385046005249
CID000003152,214,0.5227620601654053,0.2524298131465912,1000,5.067157506942749
CID000002088,215,0.4866902530193329,0.2291337251663208,811,3.638766288757324
CID000005379,216,0.5483559966087341,0.27153944969177246,117,0.5528273582458496
CID000004200,217,0.5935234427452087,0.2572365999221802,148,0.5586824417114258
CID000060198,218,0.5048568248748779,0.24472889304161072,1000,5.21223521232605
CID000002551,219,0.5960818529129028,0.2622365653514862,147,0.7499573230743408
CID000003386,220,0.4754776954650879,0.2507688105106354,177,0.9224531650543213
CID000002522,221,0.652073085308075,0.2585042119026184,152,0.8717668056488037
CID000083786,222,0.372414231300354,0.26887601613998413,127,0.6571202278137207
CID000002733,223,0.48238807916641235,0.25578710436820984,157,0.9066054821014404
CID000054454,224,0.4724405109882355,0.2603398263454437,149,0.79795241355896
CID000153941,225,0.6253069639205933,0.2248055338859558,893,4.809753894805908
CID000003203,226,0.5469887256622314,0.22898133099079132,775,4.175509214401245
CID000004616,227,0.5681549310684204,0.2501453757286072,1000,5.1523802280426025
CID000002576,228,0.4179929494857788,0.25903379917144775,156,0.74151611328125
CID000005267,229,0.5472102165222168,0.26142701506614685,150,0.74595046043396
CID000010631,230,0.6341235637664795,0.2516297698020935,171,0.7735610008239746
CID000003158,231,0.6756666302680969,0.22572672367095947,914,4.413179874420166
CID000003706,232,0.5217682719230652,0.2523548901081085,1000,4.963951110839844
CID000003040,233,0.6991180181503296,0.26855531334877014,138,0.6609807014465332
CID000003345,234,0.4047775864601135,0.23232918977737427,1000,4.981805801391602
CID000009052,235,0.5325977206230164,0.2595829665660858,155,0.7892770767211914
CID000005515,236,0.7557152509689331,0.24445277452468872,218,1.042520523071289
CID000004159,237,0.5854766368865967,0.2535623013973236,1000,4.874890089035034
CID006447131,238,0.5905766487121582,0.21997345983982086,1000,5.142178773880005
CID000005721,239,0.6586756110191345,0.22326812148094177,994,5.429582118988037
CID000002617,240,0.6830202341079712,0.26477715373039246,135,0.7227184772491455
CID000002949,241,0.5572807192802429,0.2277945578098297,803,4.765162229537964
CID000003741,242,0.7982240319252014,0.22997896373271942,717,3.899331569671631
CID000005245,243,0.5612516403198242,0.2631658613681793,143,0.8187875747680664
CID000197712,244,0.3033488690853119,0.2726510465145111,118,0.6356127262115479
CID000002171,245,0.5376335382461548,0.23044590651988983,1000,5.493100166320801
CID000003494,246,0.5309361219406128,0.2285531610250473,1000,5.58630895614624
CID000003784,247,0.645693302154541,0.2210245579481125,998,5.635308027267456
CID000001983,248,0.5100910663604736,0.230343297123909,993,5.406681299209595
CID000003958,249,0.5992128849029541,0.2250421643257141,1000,5.654008150100708
CID000004499,250,0.6906405687332153,0.22491542994976044,938,5.298274993896484
CID000004893,251,0.5639101266860962,0.22507159411907196,1000,5.54387903213501
CID000004913,252,0.4385317862033844,0.24729099869728088,1000,5.391062259674072
CID000000564,253,0.6575610637664795,0.23450468480587006,1000,5.37226414680481
CID000003154,254,0.35286808013916016,0.2522892355918884,1000,5.416812181472778
CID000005556,255,0.3810019791126251,0.23222695291042328,1000,5.545140504837036
CID000147912,256,0.48764586448669434,0.26130908727645874,140,0.7369134426116943
CID000002311,257,0.336538702249527,0.22105389833450317,1000,5.4237587451934814
CID000003339,258,0.6129729747772217,0.2576828896999359,154,0.9019937515258789
CID000003148,259,0.5098442435264587,0.2476414293050766,200,1.1682884693145752
CID000002656,260,0.6255239248275757,0.2295382022857666,997,5.581418752670288
CID000000838,261,0.5971153974533081,0.22544212639331818,1000,5.669243335723877
CID000005291,262,0.4998251795768738,0.2486460953950882,187,1.0595593452453613
CID000005253,263,0.5031925439834595,0.23619535565376282,1000,5.503912925720215
CID004659568,264,0.6534776091575623,0.2586512267589569,157,0.843048095703125
CID000002955,265,0.5076888799667358,0.2740466594696045,120,0.6697254180908203
CID000002585,266,0.5168561339378357,0.24546925723552704,1000,5.696390628814697
CID003468412,267,0.42827507853507996,0.27921533584594727,111,0.5968749523162842
CID000005878,268,0.600144624710083,0.22204111516475677,999,5.142886400222778
CID000001986,269,0.5846362113952637,0.22653383016586304,1000,5.174616575241089
CID000002802,270,0.4976981580257416,0.23021002113819122,1000,5.19335150718689
CID000004993,271,0.4846409857273102,0.2585653066635132,150,0.7982997894287109
CID005311297,272,0.34847161173820496,0.25516393780708313,164,0.827120304107666
CID000016231,273,0.6288492679595947,0.2584729790687561,154,0.8292994499206543
CID005362070,274,0.7194008827209473,0.23051978647708893,1000,5.5037477016448975
CID000216326,275,0.5655621290206909,0.23531773686408997,1000,5.617588996887207
CID000060865,276,0.561290979385376,0.273092657327652,126,0.6901698112487793
CID000005095,277,0.5664117932319641,0.26740846037864685,137,0.7604880332946777
CID000002712,278,0.5736426711082458,0.22189463675022125,998,4.574149131774902
CID000003255,279,0.5187920331954956,0.22354130446910858,1000,4.734940767288208
CID000006691,280,0.5472975373268127,0.22971808910369873,1000,5.403742790222168
CID000013342,281,0.6315456032752991,0.2589484751224518,151,0.8027079105377197
CID000003780,282,0.6756086349487305,0.2538248896598816,1000,5.028613090515137
CID000004058,283,0.7073866128921509,0.24717213213443756,199,1.0566840171813965
CID000004075,284,0.5418751835823059,0.22478270530700684,895,5.047412395477295
CID000003279,285,0.5051581263542175,0.23203353583812714,1000,5.521319150924683
CID000003414,286,0.5891441702842712,0.22321893274784088,1000,5.229628086090088
CID000065999,287,0.3152614235877991,0.2663191556930542,131,0.7181863784790039
CID000008953,288,0.4557309150695801,0.255193293094635,168,0.8647756576538086
CID000002130,289,0.6019190549850464,0.2528860867023468,1000,5.373486757278442
CID000057469,290,0.6179935932159424,0.22765019536018372,848,4.594987392425537
CID000003869,291,0.5732122659683228,0.21999455988407135,1000,5.301904678344727
CID000004497,292,0.6254851222038269,0.22066128253936768,905,4.790890455245972
CID000082146,293,0.38291245698928833,0.24970492720603943,1000,5.417696237564087
CID004183806,294,0.6133610010147095,0.23209547996520996,1000,5.357498407363892
CID000005647,295,0.4624185562133789,0.26293236017227173,138,0.7447986602783203
CID000002610,296,0.7390211820602417,0.22851908206939697,1000,4.005335330963135
CID000104741,297,0.42231684923171997,0.24571555852890015,1000,3.074333429336548
CID000003066,298,0.6483883857727051,0.27252382040023804,121,0.375622034072876
CID000005090,299,0.30951082706451416,0.22744183242321014,1000,3.0793228149414062
CID000004585,300,0.26979535818099976,0.2556505799293518,165,0.5097272396087646
CID000003261,301,0.5876822471618652,0.2225683033466339,997,3.0636608600616455
CID000000206,302,0.6083230376243591,0.22295145690441132,999,3.0754733085632324
CID000003734,303,0.8507310152053833,0.2633360028266907,143,0.44196152687072754
CID000003008,304,0.5040805339813232,0.24467475712299347,1000,3.0800323486328125
CID000002676,305,0.5363537669181824,0.23048003017902374,1000,3.0795657634735107
CID000004885,306,0.4083629846572876,0.22739875316619873,1000,3.075692653656006
CID000000085,307,0.5252245664596558,0.26041942834854126,150,0.46497440338134766
CID000047725,308,0.6691708564758301,0.2323872596025467,1000,5.439311504364014
CID000004739,309,0.5829306840896606,0.2270844727754593,832,4.6028032302856445
CID005481350,310,0.4366798400878906,0.26129400730133057,138,0.7389450073242188
CID000060184,311,0.45924198627471924,0.22598132491111755,860,4.708814382553101
CID000004189,312,0.5505208969116211,0.22951185703277588,720,4.056881666183472
CID000003890,313,0.5530586242675781,0.2225566953420639,993,5.8195390701293945
CID000004138,314,0.6505745053291321,0.22361056506633759,1000,5.659587860107422
CID000064147,315,0.582623302936554,0.26358187198638916,150,0.8970036506652832
CID000000942,316,0.6010428667068481,0.2669614255428314,132,0.7833549976348877
CID005473385,317,0.49779266119003296,0.22324302792549133,998,5.547527313232422
CID000005486,318,0.6455589532852173,0.23003904521465302,1000,5.656313180923462
CID000003403,319,0.5188156366348267,0.26408955454826355,138,0.743504524230957
CID000122316,320,0.495122492313385,0.2676863670349121,131,0.7204229831695557
CID000003962,321,0.5945270657539368,0.2248809039592743,1000,5.739277601242065
CID000002732,322,0.5554081201553345,0.22445285320281982,1000,5.644337177276611
CID000000853,323,0.7040839195251465,0.2685423791408539,139,0.7690737247467041
CID000041317,324,0.5953809022903442,0.22835411131381989,985,5.391549110412598
CID000003367,325,0.6582244038581848,0.2228083610534668,1000,5.7126076221466064
CID000150311,326,0.40958449244499207,0.25689154863357544,149,0.8183667659759521
CID000004264,327,0.5813080668449402,0.26908525824546814,123,0.6797571182250977
CID000004812,328,0.33994072675704956,0.25529181957244873,172,1.000784158706665
CID000004927,329,0.6191363334655762,0.2541368901729584,167,0.9115476608276367
CID000071329,330,0.4931604862213135,0.25484025478363037,1000,5.411456823348999
CID005311181,331,0.5028601288795471,0.23221853375434875,1000,5.636408567428589
CID000004609,332,0.5757725238800049,0.23023705184459686,1000,5.70081090927124
CID000002749,333,0.5349815487861633,0.2635730803012848,144,0.8525516986846924
CID000004594,334,0.8078270554542542,0.22525569796562195,1000,5.5033118724823
CID000002022,335,0.5093965530395508,0.2588909864425659,156,0.8260846138000488
CID000005771,336,0.5825347304344177,0.2243519425392151,1000,5.635067939758301
CID000002554,337,0.45688849687576294,0.2658637762069702,137,0.7583522796630859
CID005381226,338,0.6924440860748291,0.22749099135398865,1000,5.72013783454895
CID000005746,339,0.41193434596061707,0.2524109482765198,1000,5.789285182952881
CID000002375,340,0.5347762107849121,0.22276225686073303,1000,5.807984352111816
CID000002995,341,0.5486079454421997,0.23167505860328674,1000,5.568060874938965
CID000005297,342,0.5564699172973633,0.22528381645679474,1000,4.324780225753784
CID000003117,343,0.5792652368545532,0.2636865973472595,139,0.43228864669799805
CID000000772,344,0.2474343329668045,0.24770864844322205,1000,4.630191326141357
CID000123631,345,0.481832355260849,0.2500835061073303,1000,5.327595472335815
CID000004158,346,0.6017175316810608,0.25790831446647644,152,0.7848386764526367
CID000060754,347,0.699364185333252,0.22806407511234283,1000,5.1872172355651855
CID000071273,348,0.5482909679412842,0.24530541896820068,1000,5.254016160964966
CID000003373,349,0.5952576398849487,0.253991037607193,170,0.8652205467224121
CID000001775,350,0.3911222219467163,0.2318762093782425,990,5.302795648574829
CID000148192,351,0.6311718225479126,0.22230203449726105,998,5.5514209270477295
CID000148211,352,0.6681544780731201,0.26090577244758606,158,0.8407406806945801
CID000002719,353,0.4032193422317505,0.22132712602615356,981,5.772073268890381
CID000024011,354,0.37193989753723145,0.2486020028591156,1000,5.732509613037109
CID000002818,355,0.6328866481781006,0.2667369544506073,125,0.7113325595855713
CID000004463,356,0.4043765068054199,0.26121705770492554,139,0.8017516136169434
CID000003016,357,0.616104006767273,0.25497445464134216,1000,5.639682054519653
CID000003877,358,0.5294656157493591,0.2307163029909134,1000,5.89202618598938
CID000059708,359,0.5995450019836426,0.22638219594955444,1000,5.590394020080566
CID000003168,360,0.4040229320526123,0.25880688428878784,154,0.9495086669921875
CID000002274,361,0.5638823509216309,0.2613348066806793,140,0.757075309753418
CID000003690,362,0.6055466532707214,0.24649550020694733,209,1.1466853618621826
CID000004091,363,0.4636380076408386,0.2610747516155243,139,0.8366250991821289
CID003085017,364,0.5159555673599243,0.2584228515625,153,0.8702883720397949
CID000004409,365,0.5540022850036621,0.2329493761062622,1000,5.804138898849487
CID000071158,366,0.4101714491844177,0.22335493564605713,972,5.458282470703125
CID000004829,367,0.5012722015380859,0.23452115058898926,1000,5.667472839355469
CID000036811,368,0.5861026048660278,0.2719120979309082,128,0.6896557807922363
CID000003032,369,0.546370267868042,0.2256818562746048,1000,5.623753309249878
CID000060854,370,0.5981813669204712,0.22660017013549805,1000,5.554636478424072
CID000074989,371,0.60200035572052,0.2225758582353592,995,5.918855667114258
CID006435110,372,0.655738115310669,0.26209330558776855,140,0.8101513385772705
CID000002909,373,0.3549356460571289,0.23800456523895264,244,1.441978931427002
CID000176168,374,0.43722668290138245,0.26993829011917114,129,0.7971131801605225
CID000002708,375,0.5695043802261353,0.22612611949443817,870,4.960068941116333
CID000003510,376,0.4627227485179901,0.2596201002597809,163,0.9304509162902832
CID006436173,377,0.620622456073761,0.26558634638786316,133,0.7324333190917969
CID000003003,378,0.4742867052555084,0.22203995287418365,1000,5.501990556716919
CID000004635,379,0.5976600050926208,0.2419145107269287,222,1.2339997291564941
CID000504578,380,0.6538430452346802,0.230502188205719,1000,5.777817010879517
CID000508230,381,0.6097952127456665,0.22402691841125488,981,5.700359344482422
CID000002170,382,0.4996112585067749,0.2496872991323471,179,0.9954822063446045
CID000003937,383,0.483129620552063,0.25954604148864746,149,0.977332353591919
CID000072467,384,0.6172468662261963,0.22183218598365784,997,5.672091245651245
CID000002764,385,0.4363744854927063,0.22663486003875732,1000,5.609666109085083
CID000003291,386,0.5819631814956665,0.2236640900373459,1000,5.74530291557312
CID000150610,387,0.3783455789089203,0.2674672603607178,129,0.7092468738555908
CID000005184,388,0.5653105974197388,0.2551964223384857,161,0.7994916439056396
CID000003750,389,0.6236493587493896,0.2789296507835388,109,0.5972781181335449
CID000041781,390,0.47944310307502747,0.25781625509262085,163,0.9170703887939453
CID000004539,391,0.5642845630645752,0.25466567277908325,1000,5.486156463623047
CID000005512,392,0.41011080145835876,0.2712988555431366,132,0.717566967010498
CID000004917,393,0.5909925699234009,0.26835450530052185,130,0.6805918216705322
CID000004195,394,0.6611477732658386,0.26223206520080566,144,0.611752986907959
CID000003222,395,0.5426228046417236,0.25837236642837524,156,0.6466166973114014
CID000077992,396,0.673081636428833,0.2215353548526764,1000,5.430853366851807
CID000003062,397,0.3759104311466217,0.22576886415481567,892,4.860441207885742
CID000004828,398,0.6142054200172424,0.22045348584651947,998,5.6984429359436035
CID000047320,399,0.487272173166275,0.2612524628639221,146,0.7941040992736816
CID005281007,400,0.5890556573867798,0.25564271211624146,1000,5.624823093414307
CID000004603,401,0.5007154941558838,0.24889986217021942,1000,5.645519018173218
CID000004819,402,0.5228909254074097,0.23094642162322998,1000,5.712739706039429
CID000005544,403,0.539675235748291,0.2696075141429901,127,0.68143630027771
CID000060953,404,0.3949947953224182,0.22969652712345123,1000,5.456491947174072
CID000002232,405,0.41154369711875916,0.2595299184322357,154,0.8649008274078369
CID000003310,406,0.45551615953445435,0.2644992768764496,137,0.7581727504730225
CID000005732,407,0.46904823184013367,0.25899896025657654,147,0.8635082244873047
CID000005394,408,0.4949705898761749,0.2540370523929596,1000,5.453739404678345
CID000041774,409,0.5828618407249451,0.2625991702079773,146,0.7942473888397217
CID000003661,410,0.6423773169517517,0.222809836268425,998,5.71416974067688
CID005487301,411,0.3571270704269409,0.2593143582344055,155,0.8699758052825928
CID000003449,412,0.5746038556098938,0.26022353768348694,1000,5.528577566146851
CID000003114,413,0.49513086676597595,0.23212355375289917,1000,5.628014326095581
CID000000143,414,0.3673977255821228,0.2661060690879822,133,0.7833154201507568
CID000002370,415,0.6738905906677246,0.23055073618888855,1000,5.726839542388916
CID000002349,416,0.7823904156684875,0.2570992112159729,160,0.8863418102264404
CID000005155,417,0.683097243309021,0.2595003545284271,146,0.8285040855407715
CID000048175,418,0.720940351486206,0.26327547430992126,1000,5.658681392669678
CID000002173,419,0.7230926752090454,0.22668375074863434,1000,5.851759195327759
CID000003640,420,0.5647155046463013,0.2247883379459381,874,4.943025827407837
CID000077993,421,0.7348291277885437,0.22641925513744354,824,4.7815773487091064
CID000003642,422,0.5772021412849426,0.25439149141311646,1000,5.724529266357422
CID000002895,423,0.6412945985794067,0.26057928800582886,152,0.8186538219451904
CID000003763,424,0.6937705874443054,0.26084378361701965,148,0.8152899742126465
CID000004595,425,0.3862980306148529,0.22439272701740265,954,5.330689907073975
CID000005002,426,0.39547204971313477,0.2598186135292053,151,0.8506748676300049
CID003081884,427,0.48712408542633057,0.2230684757232666,950,5.23657488822937
CID000005052,428,0.4678311347961426,0.22231946885585785,996,5.520483732223511
CID000004451,429,0.6874549984931946,0.24434006214141846,216,1.1635160446166992
CID000060835,430,0.5634603500366211,0.2679799199104309,135,0.8171253204345703
CID000003825,431,0.6348822116851807,0.2629076838493347,135,0.7094881534576416
CID000002141,432,0.5019571781158447,0.26184624433517456,141,0.7449746131896973
CID000004599,433,0.5210235118865967,0.22382774949073792,932,5.25589656829834
CID000005478,434,0.2965342700481415,0.27904799580574036,111,0.6232264041900635
CID000003767,435,0.6060184240341187,0.26219797134399414,136,0.7410581111907959
CID000003249,436,0.6369287371635437,0.22616755962371826,840,4.792351245880127
CID000003902,437,0.4453867971897125,0.22202995419502258,1000,5.80814790725708
CID000000158,438,0.34670066833496094,0.22349880635738373,897,5.108131170272827
CID000003043,439,0.5564833283424377,0.26586011052131653,127,0.7024364471435547
CID000003657,440,0.4101635813713074,0.26301664113998413,130,0.7176098823547363
CID000003446,441,0.5722990036010742,0.2450970560312271,200,1.0978178977966309
CID000004614,442,0.5890438556671143,0.22287702560424805,996,5.474143028259277
CID000003957,443,0.6385771036148071,0.2586464285850525,153,0.8367550373077393
CID000004011,444,0.4093396067619324,0.23282502591609955,1000,5.178225994110107
CID000004054,445,0.5993020534515381,0.2655229866504669,138,0.7970566749572754
CID000005578,446,0.5365217924118042,0.22313477098941803,997,5.735851049423218
CID000005651,447,0.5531624555587769,0.22348663210868835,1000,5.580260276794434
CID000213039,448,0.6857103705406189,0.2253452092409134,1000,5.523216009140015
CID000057537,449,0.6265944242477417,0.2624450922012329,141,0.7429492473602295
CID000000937,450,0.41077202558517456,0.26026472449302673,149,0.774996280670166
CID000001546,451,0.6401828527450562,0.229851633310318,1000,5.549685716629028
CID000005734,452,0.5105774402618408,0.26710769534111023,129,0.6674764156341553
CID000038904,453,0.5051816701889038,0.22730772197246552,853,4.664049386978149
CID000002541,454,0.3105444610118866,0.24276354908943176,222,1.1932480335235596
CID000003696,455,0.6149117350578308,0.22235286235809326,997,5.418193340301514
CID000004064,456,0.3191179037094116,0.25132471323013306,1000,4.232270956039429
CID000004513,457,0.4564872980117798,0.2683553993701935,133,0.7294654846191406
CID000005029,458,0.5926864147186279,0.25165829062461853,1000,5.5552146434783936
CID000005533,459,0.3587804138660431,0.2719472348690033,123,0.6748700141906738
CID000003736,460,0.6053869724273682,0.26203614473342896,148,0.8650784492492676
CID000002215,461,0.48829418420791626,0.22362513840198517,892,4.9148383140563965
CID005282044,462,0.762490451335907,0.2230016142129898,999,5.652128219604492
CID000110635,463,0.6057420969009399,0.2536689341068268,1000,5.727713108062744
CID000001065,464,0.4662066102027893,0.2768142521381378,118,0.696068286895752
CID000001046,465,0.5051085948944092,0.26674988865852356,134,0.7273967266082764
CID000004168,466,0.5506063103675842,0.2655073404312134,128,0.696619987487793
CID000005070,467,0.444286048412323,0.25761252641677856,155,0.8379848003387451
CID000003379,468,0.5142171382904053,0.2286618947982788,1000,5.408740282058716
CID000003404,469,0.3618365526199341,0.25986626744270325,145,0.8153939247131348
CID000054808,470,0.7178201675415039,0.2522161900997162,176,1.0442428588867188
CID000003672,471,0.7317535877227783,0.22905464470386505,790,4.385808706283569
CID000003899,472,0.5169982314109802,0.2612144947052002,146,0.8060028553009033
CID000004173,473,0.3523196578025818,0.26146724820137024,139,0.7618191242218018
CID000004932,474,0.7321794033050537,0.2644307017326355,138,0.7367432117462158
CID000060815,475,0.7899966239929199,0.26378652453422546,146,0.7691950798034668
CID000091270,476,0.43988797068595886,0.269317626953125,122,0.7059752941131592
CID000002160,477,0.5199053287506104,0.2248075306415558,1000,5.698223352432251
CID000003397,478,0.6332794427871704,0.22354069352149963,994,5.847291469573975
CID000004645,479,0.6433954238891602,0.22866949439048767,760,4.514925003051758
CID000003954,480,0.6221508979797363,0.2717624306678772,119,0.7884037494659424
CID000003355,481,0.5909695625305176,0.22510886192321777,835,4.603662729263306
CID000005719,482,0.4342004656791687,0.2268274426460266,1000,5.59091329574585
CID000003793,483,0.6071031093597412,0.2322322279214859,989,5.437814235687256
CID000003350,484,0.4911271333694458,0.26885682344436646,130,0.7607007026672363
CID000004583,485,0.6626759767532349,0.22164081037044525,996,5.839888572692871
CID000002477,486,0.3669324517250061,0.22914479672908783,1000,5.637394189834595
CID000004440,487,0.6332403421401978,0.25757643580436707,1000,5.8457863330841064
CID000004601,488,0.46113911271095276,0.26314234733581543,141,0.8107514381408691
CID000005195,489,0.6143901348114014,0.2604202628135681,154,0.933983564376831
CID000005978,490,0.5541931986808777,0.2727757692337036,120,0.712986946105957
CID000002650,491,0.6735061407089233,0.2715340852737427,118,0.6438374519348145
CID000002578,492,0.593176007270813,0.24020308256149292,241,1.406827449798584
CID000003372,493,0.6570828557014465,0.22453279793262482,1000,5.686327934265137
CID000004634,494,0.547553300857544,0.26736152172088623,126,0.7304012775421143
CID000000596,495,0.42879027128219604,0.2846935987472534,101,0.5464611053466797
CID000005650,496,0.4455316960811615,0.2243269979953766,1000,5.557638645172119
CID000042113,497,0.6885420083999634,0.2577398717403412,154,0.8294034004211426
CID000087177,498,0.6198247671127319,0.23292794823646545,1000,5.463777780532837
CID000002478,499,0.6277534365653992,0.2753662168979645,125,0.6748769283294678
CID000005572,500,0.5834752321243286,0.22818623483181,1000,5.3511786460876465
CID000002369,501,0.6354885697364807,0.24229811131954193,226,1.0619230270385742
CID000005005,502,0.5226489305496216,0.26461338996887207,134,0.6241457462310791
CID000154059,503,0.6262960433959961,0.22403021156787872,1000,5.318280220031738
CID000005038,504,0.6067670583724976,0.2578369081020355,154,0.8357789516448975
CID000068740,505,0.5843249559402466,0.22243362665176392,994,5.651280403137207
CID000004666,506,0.4887348413467407,0.2697676122188568,130,0.8528292179107666
CID000002951,507,0.4271608591079712,0.2629784643650055,134,0.7466974258422852
CID000124087,508,0.35440734028816223,0.22419825196266174,1000,5.840827703475952
CID000005593,509,0.3350784480571747,0.2692694664001465,131,0.7332556247711182
CID000002244,510,0.345538854598999,0.22805625200271606,1000,5.6852617263793945
CID000005408,511,0.589780330657959,0.2271316945552826,1000,5.652140855789185
CID000005656,512,0.6840875148773193,0.2260153889656067,921,5.3723437786102295
CID000003961,513,0.4535832703113556,0.2230408936738968,1000,5.6434571743011475
CID000004107,514,0.42682310938835144,0.2225806713104248,958,5.577311038970947
CID000002162,515,0.45637837052345276,0.2620459198951721,142,0.8238170146942139
CID000001690,516,0.45314040780067444,0.272268682718277,119,0.6468918323516846
CID000004674,517,0.5701296329498291,0.25395438075065613,1000,5.617753744125366
CID000004723,518,0.6569104194641113,0.22432038187980652,873,4.941946029663086
CID000002187,519,0.38304227590560913,0.2705613374710083,127,0.7506356239318848
CID000002907,520,0.3508113920688629,0.22366319596767426,1000,5.634934663772583
CID000005482,521,0.2726462185382843,0.22996941208839417,745,4.287450790405273
CID000005731,522,0.7536041736602783,0.2657693326473236,1000,5.694917678833008
CID000004052,523,0.49632105231285095,0.26875072717666626,124,0.6748480796813965
CID000003746,524,0.5953043699264526,0.25917237997055054,156,0.9054796695709229
CID000002249,525,0.5123317837715149,0.2635153830051422,131,0.7343494892120361
CID005311039,526,0.5698354244232178,0.26134592294692993,143,0.7909793853759766
CID006398525,527,0.654421865940094,0.22565266489982605,827,4.733889102935791
CID000003121,528,0.37533992528915405,0.22442565858364105,904,5.132518768310547
CID000005735,529,0.5645684599876404,0.23013827204704285,1000,6.054962158203125
CID000002725,530,0.4844028949737549,0.22809439897537231,1000,5.2937798500061035
CID000002474,531,0.5483331680297852,0.26144111156463623,155,0.9180278778076172
CID000003007,532,0.6744468212127686,0.26255154609680176,147,0.7550253868103027
CID000005496,533,0.5726648569107056,0.2422388195991516,218,1.2145142555236816
CID000002476,534,0.6343806982040405,0.2491721510887146,183,0.9102323055267334
CID000054374,535,0.6815335750579834,0.2293095886707306,987,5.317137956619263
CID000014888,536,0.5933254957199097,0.25554224848747253,169,0.8281087875366211
CID000002019,537,0.4924139976501465,0.22520999610424042,1000,5.597295522689819
CID000002720,538,0.3354684114456177,0.2322494387626648,1000,5.720870018005371
CID000005064,539,0.469743013381958,0.2225233018398285,998,5.443257570266724
CID000004730,540,0.5797227621078491,0.22474528849124908,1000,5.511582612991333
CID000040976,541,0.5294005870819092,0.2511942982673645,1000,5.70402455329895
CID000005212,542,0.26035141944885254,0.24312840402126312,226,1.3003268241882324
CID000002673,543,0.6491583585739136,0.27390164136886597,124,0.655864953994751
CID000216239,544,0.47308823466300964,0.2263096421957016,1000,5.52414345741272
CID000002156,545,0.5399094223976135,0.22773368656635284,992,5.595649480819702
CID000002801,546,0.6584955453872681,0.2621837556362152,147,0.7716414928436279
CID000002609,547,0.7326900959014893,0.24149206280708313,231,1.320446252822876
CID000005215,548,0.3878912329673767,0.22788041830062866,1000,5.632342338562012
CID000003476,549,0.7906357645988464,0.25165390968322754,179,1.0249581336975098
CID000002182,550,0.48648759722709656,0.2319962978363037,1000,5.746030330657959
CID000002142,551,0.5641202926635742,0.258637934923172,152,0.7372546195983887
CID000002092,552,0.5644339323043823,0.26621583104133606,133,0.6554515361785889
CID000003516,553,0.4440613090991974,0.24625597894191742,192,1.1580188274383545
CID000060795,554,0.7009246349334717,0.26121994853019714,150,0.81797194480896
CID000160051,555,0.6230534911155701,0.22746673226356506,1000,5.643078565597534
CID000003198,556,0.5773922204971313,0.2232198268175125,996,5.701444864273071
CID000004212,557,0.3699737787246704,0.25664031505584717,149,0.7402935028076172
CID000004419,558,0.7128656506538391,0.26059484481811523,151,0.8153541088104248
CID000002622,559,0.6881715655326843,0.22569695115089417,1000,5.461262464523315
CID000000815,560,0.6479644179344177,0.2605344355106354,144,0.8578007221221924
CID000054786,561,0.6251698732376099,0.24792924523353577,203,1.18617844581604
CID000002713,562,0.600855827331543,0.23310397565364838,1000,5.60709023475647
CID000002666,563,0.6099419593811035,0.22538617253303528,1000,5.380911111831665
CID000003715,564,0.47115302085876465,0.26335033774375916,143,0.7974374294281006
CID000004748,565,0.6708069443702698,0.22441579401493073,1000,5.667438745498657
CID000072938,566,0.5180127620697021,0.25490206480026245,167,0.8406598567962646
CID000130881,567,0.5211845636367798,0.25877758860588074,1000,5.585674047470093
CID000005152,568,0.4041840732097626,0.22129960358142853,998,5.666636943817139
CID000051263,569,0.7675654888153076,0.27001819014549255,132,0.7355208396911621
CID000072054,570,0.5980507135391235,0.2602759003639221,146,0.7909138202667236
CID000003652,571,0.34886935353279114,0.24792596697807312,1000,5.766271352767944
CID000004856,572,0.43852663040161133,0.22646157443523407,1000,5.618102312088013
CID000003675,573,0.6313586235046387,0.23110078275203705,1000,5.611389875411987
CID000005234,574,0.6249313354492188,0.266332745552063,130,0.7662656307220459
CID000152945,575,0.6211449503898621,0.25500166416168213,1000,5.839059352874756
CID000003381,576,0.7463197112083435,0.27287355065345764,114,0.6309473514556885
CID000005040,577,0.5061158537864685,0.22959332168102264,1000,5.479909896850586
CID000005596,578,0.5528165698051453,0.2553538978099823,151,0.8729960918426514
CID000060612,579,0.3791886568069458,0.26569098234176636,142,0.8252253532409668
CID000004873,580,0.5004433989524841,0.25714632868766785,1000,5.459630489349365
CID000125889,581,0.3557533621788025,0.22368451952934265,879,4.747726678848267
CID000003878,582,0.5658301115036011,0.22538115084171295,861,4.810954809188843
CID000005358,583,0.501056969165802,0.2283608615398407,1000,4.93154764175415
CID000024486,584,0.6299080848693848,0.22208315134048462,1000,5.482868432998657
CID000002283,585,0.6433268189430237,0.2614228129386902,145,0.8265173435211182
CID000004547,586,0.4954753816127777,0.22873759269714355,792,4.462843179702759
CID000019090,587,0.5699397921562195,0.25827306509017944,155,0.892158031463623
CID000003639,588,0.30468106269836426,0.22043448686599731,994,5.69056248664856
CID000003382,589,0.7582951784133911,0.2242930680513382,1000,5.595007658004761
CID000004991,590,0.6397556066513062,0.23982679843902588,244,1.3769586086273193
CID000145068,591,0.5263065099716187,0.23268336057662964,1000,5.509358882904053
CID000003348,592,0.5660768747329712,0.2239430695772171,1000,5.553138971328735
CID000110634,593,0.525231122970581,0.2500811219215393,1000,5.684644460678101
CID001349907,594,0.6202236413955688,0.22537705302238464,862,4.78883957862854
CID000005538,595,0.44499915838241577,0.24078156054019928,232,1.1958868503570557
CID000005645,596,0.42413175106048584,0.22363831102848053,999,5.565162658691406
CID000003637,597,0.6094332933425903,0.2264155149459839,831,4.574212312698364
CID005282226,598,0.6803042888641357,0.22430598735809326,914,5.147781133651733
CID000004679,599,0.7712011337280273,0.22089864313602448,998,5.616240501403809
CID000002726,600,0.48567819595336914,0.2601097524166107,149,0.8282394409179688
CID000051634,601,0.6381272077560425,0.2641334533691406,132,0.7113556861877441
CID000119607,602,0.46234843134880066,0.23344649374485016,1000,5.708540439605713
CID000039860,603,0.41773295402526855,0.2729118764400482,125,0.7057445049285889
CID000002250,604,0.41112416982650757,0.2490435540676117,179,0.971729040145874
CID000002727,605,0.5782268643379211,0.2285316437482834,1000,5.455980539321899
CID000004675,606,0.6609804034233093,0.25544819235801697,154,0.7911698818206787
CID000005210,607,0.41762593388557434,0.2217184603214264,997,5.329374074935913
CID000002512,608,0.4995135962963104,0.26576781272888184,139,0.8002274036407471
CID000060843,609,0.3048439621925354,0.2271396815776825,1000,5.483524322509766
CID000003883,610,0.6527342200279236,0.2262238711118698,823,4.518249988555908
CID000000453,611,0.5787664651870728,0.2619832754135132,137,0.7243201732635498
CID000060787,612,0.7864247560501099,0.22178500890731812,997,5.37746262550354
CID000000271,613,0.2623896300792694,0.23214247822761536,1000,5.10456109046936
CID006918453,614,0.5008794069290161,0.2652633786201477,141,0.7363965511322021
CID000003143,615,0.24987101554870605,0.25988152623176575,1000,5.718888998031616
CID000028112,616,0.4819599986076355,0.2771874666213989,117,0.6811873912811279
CID005493444,617,0.46979206800460815,0.22421802580356598,1000,5.374626636505127
CID000004428,618,0.6664392948150635,0.25601109862327576,1000,5.415792942047119
CID000003410,619,0.5261533260345459,0.25024527311325073,182,1.0727880001068115
CID000077999,620,0.5842038989067078,0.22991810739040375,1000,5.568204402923584
CID000003308,621,0.10763267427682877,0.22937405109405518,1000,5.553989410400391
CID000000861,622,0.710729718208313,0.2530209720134735,168,0.8915019035339355
CID000000119,623,0.4930824637413025,0.2653670907020569,142,0.8095433712005615
CID000002265,624,0.2861708998680115,0.22172926366329193,998,5.75793981552124
CID000156419,625,0.4584929049015045,0.2617461383342743,145,0.8607563972473145
CID005311082,626,0.680854320526123,0.2599696218967438,1000,5.755441904067993
CID000005514,627,0.47507235407829285,0.22646190226078033,808,4.631736993789673
CID000004044,628,0.5888358354568481,0.27372968196868896,117,0.6586883068084717
CID000056339,629,0.18935789167881012,0.256361722946167,159,0.841099739074707
CID000002800,630,0.2959126830101013,0.22198247909545898,975,5.520757436752319
CID009571074,631,0.6064493656158447,0.2642626464366913,135,0.6526589393615723
CID000001117,632,0.43636226654052734,0.22381781041622162,1000,4.979076385498047
CID000003384,633,0.7339166402816772,0.2638535499572754,145,0.8030457496643066
CID000119182,634,0.6359731554985046,0.22553125023841858,1000,5.50323748588562
CID000003385,635,0.37718141078948975,0.2567194998264313,158,0.8147268295288086
CID000000444,636,0.4405122399330139,0.22622056305408478,836,4.536102056503296
CID000004740,637,0.4170692563056946,0.257700115442276,157,0.8547594547271729
CID000003075,638,0.46618562936782837,0.22726230323314667,1000,5.550872564315796
CID000005454,639,0.6360065937042236,0.22802554070949554,784,4.225736856460571
CID000005203,640,0.2907048463821411,0.2287548929452896,1000,5.499393463134766
CID000001071,641,0.5821491479873657,0.22290560603141785,959,5.37480616569519
CID003062316,642,0.39565736055374146,0.2525973618030548,1000,5.701943635940552
CID000002118,643,0.3358331322669983,0.24894319474697113,180,0.9971363544464111
CID000003749,644,0.47970065474510193,0.22511853277683258,901,4.791058540344238
